Player_ID,Name,Team,Position,Form,Photo,Total_Points,Goals,Assists,Clean_Sheets,Selected,Dreamteam
1,Cédric,Arsenal,DEF,0.0,https://resources.premierleague.com/premierleague/photos/players/110x140/p58822.png,0,0,0,0,0.2,False
3,Xhaka,Arsenal,MID,4.8,https://resources.premierleague.com/premierleague/photos/players/110x140/p84450.png,26,1,2,2,3.0,False
4,Elneny,Arsenal,MID,0.4,https://resources.premierleague.com/premierleague/photos/players/110x140/p153256.png,2,0,0,0,0.9,False
5,Holding,Arsenal,DEF,0.4,https://resources.premierleague.com/premierleague/photos/players/110x140/p156074.png,2,0,0,0,0.1,False
6,Partey,Arsenal,MID,1.0,https://resources.premierleague.com/premierleague/photos/players/110x140/p167199.png,8,0,0,2,0.3,False
7,Ødegaard,Arsenal,MID,6.2,https://resources.premierleague.com/premierleague/photos/players/110x140/p184029.png,34,3,0,2,16.0,False
8,Tierney,Arsenal,DEF,1.2,https://resources.premierleague.com/premierleague/photos/players/110x140/p192895.png,7,0,0,0,1.0,False
9,Pépé,Arsenal,MID,0.0,https://resources.premierleague.com/premierleague/photos/players/110x140/p195735.png,0,0,0,0,0.1,False
10,White,Arsenal,DEF,3.6,https://resources.premierleague.com/premierleague/photos/players/110x140/p198869.png,23,0,0,3,5.5,False
11,Nketiah,Arsenal,FWD,1.0,https://resources.premierleague.com/premierleague/photos/players/110x140/p205533.png,6,0,0,0,0.4,False
12,Smith Rowe,Arsenal,MID,0.8,https://resources.premierleague.com/premierleague/photos/players/110x140/p209289.png,4,0,0,0,0.7,False
13,Saka,Arsenal,MID,4.4,https://resources.premierleague.com/premierleague/photos/players/110x140/p223340.png,28,1,3,2,10.8,False
14,Tomiyasu,Arsenal,DEF,0.8,https://resources.premierleague.com/premierleague/photos/players/110x140/p223723.png,4,0,0,0,0.8,False
15,Ramsdale,Arsenal,GKP,2.6,https://resources.premierleague.com/premierleague/photos/players/110x140/p225321.png,19,0,0,2,11.2,False
16,Gabriel,Arsenal,DEF,4.0,https://resources.premierleague.com/premierleague/photos/players/110x140/p226597.png,27,1,0,2,11.1,False
17,Tavares,Arsenal,DEF,0.0,https://resources.premierleague.com/premierleague/photos/players/110x140/p437626.png,0,0,0,0,0.0,False
18,Sambi,Arsenal,MID,1.0,https://resources.premierleague.com/premierleague/photos/players/110x140/p437742.png,6,0,0,0,0.3,False
19,Martinelli,Arsenal,MID,5.6,https://resources.premierleague.com/premierleague/photos/players/110x140/p444145.png,36,3,1,2,46.4,False
20,Pablo Marí,Arsenal,DEF,0.0,https://resources.premierleague.com/premierleague/photos/players/110x140/p92371.png,0,0,0,0,0.0,False
22,Torreira,Arsenal,MID,0.0,https://resources.premierleague.com/premierleague/photos/players/110x140/p198849.png,0,0,0,0,0.1,False
23,Nelson,Arsenal,MID,0.0,https://resources.premierleague.com/premierleague/photos/players/110x140/p200641.png,0,0,0,0,0.0,False
24,Turner,Arsenal,GKP,0.0,https://resources.premierleague.com/premierleague/photos/players/110x140/p224068.png,0,0,0,0,1.3,False
25,Fábio Vieira,Arsenal,MID,0.2,https://resources.premierleague.com/premierleague/photos/players/110x140/p438098.png,1,0,0,0,0.1,False
26,Saliba,Arsenal,DEF,4.2,https://resources.premierleague.com/premierleague/photos/players/110x140/p462424.png,29,1,1,2,21.0,True
27,Marquinhos,Arsenal,MID,0.0,https://resources.premierleague.com/premierleague/photos/players/110x140/p479683.png,0,0,0,0,0.1,False
28,Jesus,Arsenal,FWD,6.2,https://resources.premierleague.com/premierleague/photos/players/110x140/p205651.png,33,3,3,2,78.3,False
313,Zinchenko,Arsenal,DEF,1.6,https://resources.premierleague.com/premierleague/photos/players/110x140/p206325.png,20,0,1,2,15.1,False
607,Smith,Arsenal,MID,0.0,https://resources.premierleague.com/premierleague/photos/players/110x140/p232241.png,0,0,0,0,0.0,False
29,Coutinho,Aston Villa,MID,1.3,https://resources.premierleague.com/premierleague/photos/players/110x140/p84583.png,8,0,0,1,4.2,False
30,Ings,Aston Villa,FWD,1.8,https://resources.premierleague.com/premierleague/photos/players/110x140/p84939.png,11,1,0,1,1.1,False
31,Martínez,Aston Villa,GKP,3.7,https://resources.premierleague.com/premierleague/photos/players/110x140/p98980.png,22,0,0,0,4.5,False
32,Chambers,Aston Villa,DEF,0.5,https://resources.premierleague.com/premierleague/photos/players/110x140/p101184.png,3,0,0,0,0.2,False
33,Digne,Aston Villa,DEF,0.8,https://resources.premierleague.com/premierleague/photos/players/110x140/p101188.png,5,0,0,0,2.0,False
34,Traoré,Aston Villa,MID,0.0,https://resources.premierleague.com/premierleague/photos/players/110x140/p110504.png,0,0,0,0,0.1,False
35,Olsen,Aston Villa,GKP,0.0,https://resources.premierleague.com/premierleague/photos/players/110x140/p111782.png,0,0,0,0,1.7,False
36,Sanson,Aston Villa,MID,0.0,https://resources.premierleague.com/premierleague/photos/players/110x140/p122775.png,0,0,0,0,0.3,False
37,McGinn,Aston Villa,MID,1.7,https://resources.premierleague.com/premierleague/photos/players/110x140/p122806.png,10,0,0,0,0.9,False
38,Hause,Aston Villa,DEF,0.0,https://resources.premierleague.com/premierleague/photos/players/110x140/p123354.png,0,0,0,0,0.0,False
39,Mings,Aston Villa,DEF,1.0,https://resources.premierleague.com/premierleague/photos/players/110x140/p149484.png,6,0,0,0,3.1,False
40,Watkins,Aston Villa,FWD,4.0,https://resources.premierleague.com/premierleague/photos/players/110x140/p178301.png,24,1,2,0,2.3,False
41,Nakamba,Aston Villa,MID,0.0,https://resources.premierleague.com/premierleague/photos/players/110x140/p184704.png,0,0,0,0,0.2,False
42,Buendía,Aston Villa,MID,2.5,https://resources.premierleague.com/premierleague/photos/players/110x140/p195546.png,15,1,0,0,0.4,False
43,Cash,Aston Villa,DEF,1.0,https://resources.premierleague.com/premierleague/photos/players/110x140/p199796.png,6,0,0,0,6.4,False
44,Konsa,Aston Villa,DEF,1.2,https://resources.premierleague.com/premierleague/photos/players/110x140/p199798.png,7,0,0,0,0.2,False
45,Bailey,Aston Villa,MID,3.2,https://resources.premierleague.com/premierleague/photos/players/110x140/p215711.png,19,1,1,0,5.7,False
46,Douglas Luiz,Aston Villa,MID,2.2,https://resources.premierleague.com/premierleague/photos/players/110x140/p230046.png,13,1,0,1,0.5,False
47,Ramsey,Aston Villa,MID,1.8,https://resources.premierleague.com/premierleague/photos/players/110x140/p232653.png,11,0,1,0,0.8,False
49,Iroegbunam,Aston Villa,MID,0.0,https://resources.premierleague.com/premierleague/photos/players/110x140/p490094.png,0,0,0,0,0.0,False
50,Diego Carlos,Aston Villa,DEF,0.5,https://resources.premierleague.com/premierleague/photos/players/110x140/p165659.png,3,0,0,0,0.3,False
51,El Ghazi,Aston Villa,MID,0.0,https://resources.premierleague.com/premierleague/photos/players/110x140/p193488.png,0,0,0,0,0.1,False
52,Davis,Aston Villa,FWD,0.0,https://resources.premierleague.com/premierleague/photos/players/110x140/p221239.png,0,0,0,0,0.1,False
53,Kamara,Aston Villa,MID,1.8,https://resources.premierleague.com/premierleague/photos/players/110x140/p226944.png,11,0,0,0,0.2,False
54,Archer,Aston Villa,FWD,0.3,https://resources.premierleague.com/premierleague/photos/players/110x140/p433979.png,2,0,0,0,4.9,False
55,Philogene-Bidace,Aston Villa,MID,0.0,https://resources.premierleague.com/premierleague/photos/players/110x140/p481624.png,0,0,0,0,0.0,False
56,Guilbert,Aston Villa,DEF,0.0,https://resources.premierleague.com/premierleague/photos/players/110x140/p203368.png,0,0,0,0,0.8,False
410,Bednarek,Aston Villa,DEF,0.2,https://resources.premierleague.com/premierleague/photos/players/110x140/p171771.png,1,0,0,0,0.3,False
479,Dendoncker,Aston Villa,MID,1.2,https://resources.premierleague.com/premierleague/photos/players/110x140/p151589.png,7,0,0,1,0.1,False
525,Augustinsson,Aston Villa,DEF,0.0,https://resources.premierleague.com/premierleague/photos/players/110x140/p155561.png,0,0,0,0,0.1,False
537,Kesler Hayden,Aston Villa,DEF,0.0,https://resources.premierleague.com/premierleague/photos/players/110x140/p537043.png,0,0,0,0,0.1,False
538,Young,Aston Villa,DEF,0.3,https://resources.premierleague.com/premierleague/photos/players/110x140/p18892.png,2,0,0,0,0.1,False
57,Smith,Bournemouth,DEF,1.5,https://resources.premierleague.com/premierleague/photos/players/110x140/p54469.png,9,0,0,2,0.1,False
58,Stanislas,Bournemouth,MID,0.3,https://resources.premierleague.com/premierleague/photos/players/110x140/p56872.png,2,0,0,0,0.0,False
59,Fredericks,Bournemouth,DEF,0.3,https://resources.premierleague.com/premierleague/photos/players/110x140/p81012.png,2,0,0,0,0.0,False
60,Brooks,Bournemouth,MID,0.0,https://resources.premierleague.com/premierleague/photos/players/110x140/p111317.png,0,0,0,0,0.0,False
61,Lowe,Bournemouth,MID,0.2,https://resources.premierleague.com/premierleague/photos/players/110x140/p128309.png,1,0,0,0,0.0,False
62,Moore,Bournemouth,FWD,2.3,https://resources.premierleague.com/premierleague/photos/players/110x140/p128340.png,14,1,0,1,1.0,False
63,Marcondes,Bournemouth,MID,0.2,https://resources.premierleague.com/premierleague/photos/players/110x140/p133845.png,1,0,0,0,0.0,False
64,Lerma,Bournemouth,MID,3.2,https://resources.premierleague.com/premierleague/photos/players/110x140/p152551.png,19,1,0,2,0.7,False
65,Stacey,Bournemouth,DEF,0.0,https://resources.premierleague.com/premierleague/photos/players/110x140/p154131.png,0,0,0,0,0.0,False
66,Solanke,Bournemouth,FWD,2.8,https://resources.premierleague.com/premierleague/photos/players/110x140/p154566.png,17,1,1,2,0.4,False
67,Cook,Bournemouth,MID,2.5,https://resources.premierleague.com/premierleague/photos/players/110x140/p155408.png,15,0,1,1,0.1,False
68,Pearson,Bournemouth,MID,1.0,https://resources.premierleague.com/premierleague/photos/players/110x140/p156687.png,6,0,0,1,0.3,False
69,Christie,Bournemouth,MID,1.7,https://resources.premierleague.com/premierleague/photos/players/110x140/p158499.png,10,0,0,1,0.1,False
70,Billing,Bournemouth,MID,2.7,https://resources.premierleague.com/premierleague/photos/players/110x140/p168991.png,16,1,0,2,0.1,False
71,Mepham,Bournemouth,DEF,2.0,https://resources.premierleague.com/premierleague/photos/players/110x140/p223911.png,12,0,0,2,0.1,False
72,Travers,Bournemouth,GKP,1.3,https://resources.premierleague.com/premierleague/photos/players/110x140/p229600.png,8,0,0,1,0.5,False
73,Kelly,Bournemouth,DEF,3.8,https://resources.premierleague.com/premierleague/photos/players/110x140/p235530.png,23,0,2,2,1.0,False
74,Dembélé,Bournemouth,MID,0.0,https://resources.premierleague.com/premierleague/photos/players/110x140/p244085.png,0,0,0,0,0.1,False
75,Anthony,Bournemouth,MID,1.8,https://resources.premierleague.com/premierleague/photos/players/110x140/p444180.png,11,1,0,0,0.1,False
76,Zemura,Bournemouth,DEF,1.7,https://resources.premierleague.com/premierleague/photos/players/110x140/p447932.png,10,0,0,2,0.1,False
77,Dennis,Bournemouth,GKP,0.0,https://resources.premierleague.com/premierleague/photos/players/110x140/p444172.png,0,0,0,0,0.6,False
404,Stephens,Bournemouth,DEF,0.2,https://resources.premierleague.com/premierleague/photos/players/110x140/p88900.png,1,0,0,0,0.0,False
505,Rothwell,Bournemouth,MID,0.0,https://resources.premierleague.com/premierleague/photos/players/110x140/p156685.png,0,0,0,0,0.0,False
535,Tavernier,Bournemouth,MID,2.3,https://resources.premierleague.com/premierleague/photos/players/110x140/p201658.png,14,0,0,2,0.1,False
539,Hill,Bournemouth,DEF,0.0,https://resources.premierleague.com/premierleague/photos/players/110x140/p463981.png,0,0,0,0,0.0,False
574,Neto,Bournemouth,GKP,1.2,https://resources.premierleague.com/premierleague/photos/players/110x140/p69752.png,6,0,0,1,0.1,False
576,Senesi,Bournemouth,DEF,-0.2,https://resources.premierleague.com/premierleague/photos/players/110x140/p221466.png,-1,0,0,0,0.0,False
597,Saydee,Bournemouth,FWD,0.0,https://resources.premierleague.com/premierleague/photos/players/110x140/p461017.png,0,0,0,0,0.0,False
598,Bevan,Bournemouth,DEF,0.3,https://resources.premierleague.com/premierleague/photos/players/110x140/p518906.png,1,0,0,0,0.1,False
78,Jansson,Brentford,DEF,1.5,https://resources.premierleague.com/premierleague/photos/players/110x140/p61810.png,9,0,0,1,1.1,False
79,Nørgaard,Brentford,MID,2.5,https://resources.premierleague.com/premierleague/photos/players/110x140/p128295.png,15,1,0,1,0.2,False
80,Toney,Brentford,FWD,7.5,https://resources.premierleague.com/premierleague/photos/players/110x140/p144485.png,45,5,2,1,17.7,True
81,Raya,Brentford,GKP,3.8,https://resources.premierleague.com/premierleague/photos/players/110x140/p154561.png,23,0,0,1,6.6,False
82,Canós,Brentford,DEF,0.0,https://resources.premierleague.com/premierleague/photos/players/110x140/p174932.png,0,0,0,0,0.0,False
83,Dasilva,Brentford,MID,3.2,https://resources.premierleague.com/premierleague/photos/players/110x140/p183656.png,19,2,0,1,9.1,False
84,Ajer,Brentford,DEF,0.0,https://resources.premierleague.com/premierleague/photos/players/110x140/p191866.png,0,0,0,0,0.0,False
85,Henry,Brentford,DEF,2.7,https://resources.premierleague.com/premierleague/photos/players/110x140/p194010.png,16,0,1,1,1.2,False
86,Janelt,Brentford,MID,3.3,https://resources.premierleague.com/premierleague/photos/players/110x140/p204580.png,20,1,1,0,0.2,False
87,Ghoddos,Brentford,MID,0.3,https://resources.premierleague.com/premierleague/photos/players/110x140/p205836.png,2,0,0,0,0.0,False
88,Jensen,Brentford,MID,4.2,https://resources.premierleague.com/premierleague/photos/players/110x140/p207283.png,25,1,2,1,3.2,False
89,Wissa,Brentford,MID,3.7,https://resources.premierleague.com/premierleague/photos/players/110x140/p216646.png,22,2,1,0,0.2,False
90,Roerslev,Brentford,DEF,1.0,https://resources.premierleague.com/premierleague/photos/players/110x140/p226956.png,6,0,0,1,0.1,False
91,Bech,Brentford,DEF,0.5,https://resources.premierleague.com/premierleague/photos/players/110x140/p228044.png,3,0,0,0,0.1,False
92,Pinnock,Brentford,DEF,0.0,https://resources.premierleague.com/premierleague/photos/players/110x140/p231065.png,0,0,0,0,0.0,False
93,Onyeka,Brentford,MID,0.5,https://resources.premierleague.com/premierleague/photos/players/110x140/p428580.png,3,0,0,0,0.0,False
94,Baptiste,Brentford,MID,1.7,https://resources.premierleague.com/premierleague/photos/players/110x140/p432160.png,10,0,1,0,0.3,False
95,Mbeumo,Brentford,FWD,3.7,https://resources.premierleague.com/premierleague/photos/players/110x140/p446008.png,22,2,0,1,2.0,False
96,Goode,Brentford,DEF,0.0,https://resources.premierleague.com/premierleague/photos/players/110x140/p213687.png,0,0,0,0,0.5,False
97,Forss,Brentford,FWD,0.0,https://resources.premierleague.com/premierleague/photos/players/110x140/p216620.png,0,0,0,0,0.1,False
98,Thompson,Brentford,DEF,0.0,https://resources.premierleague.com/premierleague/photos/players/110x140/p232247.png,0,0,0,0,0.0,False
99,Bidstrup,Brentford,MID,0.0,https://resources.premierleague.com/premierleague/photos/players/110x140/p481405.png,0,0,0,0,0.0,False
100,Balcombe,Brentford,GKP,0.0,https://resources.premierleague.com/premierleague/photos/players/110x140/p235448.png,0,0,0,0,0.1,False
510,Hickey,Brentford,DEF,1.5,https://resources.premierleague.com/premierleague/photos/players/110x140/p472713.png,9,0,0,1,0.4,False
515,Lewis-Potter,Brentford,MID,1.5,https://resources.premierleague.com/premierleague/photos/players/110x140/p249231.png,9,0,1,0,0.1,False
517,Strakosha,Brentford,GKP,0.0,https://resources.premierleague.com/premierleague/photos/players/110x140/p140200.png,0,0,0,0,0.2,False
526,Mee,Brentford,DEF,3.2,https://resources.premierleague.com/premierleague/photos/players/110x140/p51927.png,19,1,0,1,3.1,False
540,Stevens,Brentford,DEF,0.0,https://resources.premierleague.com/premierleague/photos/players/110x140/p450550.png,0,0,0,0,0.2,False
541,Dervişoğlu,Brentford,FWD,0.7,https://resources.premierleague.com/premierleague/photos/players/110x140/p434662.png,4,0,1,0,1.6,False
580,Damsgaard,Brentford,MID,0.4,https://resources.premierleague.com/premierleague/photos/players/110x140/p440089.png,2,0,0,0,0.1,False
595,Zanka,Brentford,DEF,1.7,https://resources.premierleague.com/premierleague/photos/players/110x140/p48760.png,5,0,0,0,0.7,False
101,Lallana,Brighton,MID,1.3,https://resources.premierleague.com/premierleague/photos/players/110x140/p39155.png,8,0,0,2,0.1,False
102,Steele,Brighton,GKP,0.0,https://resources.premierleague.com/premierleague/photos/players/110x140/p49262.png,0,0,0,0,0.8,False
103,Welbeck,Brighton,FWD,3.7,https://resources.premierleague.com/premierleague/photos/players/110x140/p50175.png,22,0,3,3,1.4,False
104,Groß,Brighton,MID,7.0,https://resources.premierleague.com/premierleague/photos/players/110x140/p60307.png,42,3,2,3,26.8,True
106,Dunk,Brighton,DEF,3.7,https://resources.premierleague.com/premierleague/photos/players/110x140/p83299.png,22,0,0,3,5.7,False
107,March,Brighton,MID,3.3,https://resources.premierleague.com/premierleague/photos/players/110x140/p109345.png,20,0,2,3,0.4,False
108,Webster,Brighton,DEF,3.5,https://resources.premierleague.com/premierleague/photos/players/110x140/p110735.png,21,0,0,3,0.8,False
109,Veltman,Brighton,DEF,4.3,https://resources.premierleague.com/premierleague/photos/players/110x140/p111478.png,26,0,0,3,5.4,False
111,Trossard,Brighton,MID,5.3,https://resources.premierleague.com/premierleague/photos/players/110x140/p116216.png,32,2,2,3,3.6,False
113,Sánchez,Brighton,GKP,4.7,https://resources.premierleague.com/premierleague/photos/players/110x140/p215059.png,28,0,0,3,18.6,False
114,Lamptey,Brighton,DEF,0.8,https://resources.premierleague.com/premierleague/photos/players/110x140/p232792.png,5,0,0,0,1.6,False
115,Alzate,Brighton,MID,0.0,https://resources.premierleague.com/premierleague/photos/players/110x140/p235382.png,0,0,0,0,0.2,False
116,Mac Allister,Brighton,MID,6.5,https://resources.premierleague.com/premierleague/photos/players/110x140/p243016.png,39,4,0,3,3.4,True
117,Moder,Brighton,MID,0.0,https://resources.premierleague.com/premierleague/photos/players/110x140/p243505.png,0,0,0,0,0.0,False
118,Mwepu,Brighton,MID,1.8,https://resources.premierleague.com/premierleague/photos/players/110x140/p423649.png,11,0,1,0,0.1,False
119,Sarmiento,Brighton,MID,0.0,https://resources.premierleague.com/premierleague/photos/players/110x140/p441192.png,0,0,0,0,0.1,False
120,Caicedo,Brighton,MID,3.3,https://resources.premierleague.com/premierleague/photos/players/110x140/p486672.png,20,1,0,3,0.3,False
121,Richards,Brighton,MID,0.0,https://resources.premierleague.com/premierleague/photos/players/110x140/p209045.png,0,0,0,0,0.0,False
122,Roberts,Brighton,DEF,0.0,https://resources.premierleague.com/premierleague/photos/players/110x140/p433589.png,0,0,0,0,0.0,False
123,Undav,Brighton,FWD,0.5,https://resources.premierleague.com/premierleague/photos/players/110x140/p450434.png,3,0,0,0,0.3,False
124,Mitoma,Brighton,MID,0.7,https://resources.premierleague.com/premierleague/photos/players/110x140/p451340.png,4,0,0,0,0.0,False
125,Enciso,Brighton,FWD,0.0,https://resources.premierleague.com/premierleague/photos/players/110x140/p474120.png,0,0,0,0,0.3,False
126,Kozłowski,Brighton,MID,0.0,https://resources.premierleague.com/premierleague/photos/players/110x140/p484658.png,0,0,0,0,0.0,False
149,Gilmour,Brighton,MID,0.2,https://resources.premierleague.com/premierleague/photos/players/110x140/p243568.png,1,0,0,0,0.7,False
542,Scherpen,Brighton,GKP,0.0,https://resources.premierleague.com/premierleague/photos/players/110x140/p240514.png,0,0,0,0,0.1,False
543,Clarke,Brighton,DEF,0.0,https://resources.premierleague.com/premierleague/photos/players/110x140/p178173.png,0,0,0,0,0.2,False
544,Van Hecke,Brighton,DEF,0.2,https://resources.premierleague.com/premierleague/photos/players/110x140/p469142.png,1,0,0,0,0.3,False
559,Colwill,Brighton,DEF,0.3,https://resources.premierleague.com/premierleague/photos/players/110x140/p460028.png,2,0,0,0,0.1,False
586,Estupiñán,Brighton,DEF,3.0,https://resources.premierleague.com/premierleague/photos/players/110x140/p204214.png,12,0,1,1,1.0,False
596,Ferguson,Brighton,FWD,0.0,https://resources.premierleague.com/premierleague/photos/players/110x140/p487117.png,0,0,0,0,0.1,False
48,Chukwuemeka,Chelsea,MID,0.0,https://resources.premierleague.com/premierleague/photos/players/110x140/p478912.png,0,0,0,0,0.5,False
112,Cucurella,Chelsea,DEF,2.0,https://resources.premierleague.com/premierleague/photos/players/110x140/p179268.png,12,0,2,0,12.9,False
127,Azpilicueta,Chelsea,DEF,1.8,https://resources.premierleague.com/premierleague/photos/players/110x140/p41328.png,11,0,0,1,1.5,False
128,Thiago Silva,Chelsea,DEF,3.2,https://resources.premierleague.com/premierleague/photos/players/110x140/p51090.png,19,0,1,1,5.7,False
129,Alonso,Chelsea,DEF,0.0,https://resources.premierleague.com/premierleague/photos/players/110x140/p82263.png,0,0,0,0,1.0,False
130,Jorginho,Chelsea,MID,3.3,https://resources.premierleague.com/premierleague/photos/players/110x140/p85955.png,20,1,0,1,3.2,False
131,Barkley,Chelsea,MID,0.0,https://resources.premierleague.com/premierleague/photos/players/110x140/p88894.png,0,0,0,0,0.0,False
132,Kovacic,Chelsea,MID,0.7,https://resources.premierleague.com/premierleague/photos/players/110x140/p91651.png,4,0,0,0,0.3,False
133,Arrizabalaga,Chelsea,GKP,0.0,https://resources.premierleague.com/premierleague/photos/players/110x140/p109745.png,0,0,0,0,0.2,False
134,Kanté,Chelsea,MID,0.8,https://resources.premierleague.com/premierleague/photos/players/110x140/p116594.png,5,0,0,1,1.5,False
135,Ziyech,Chelsea,MID,0.5,https://resources.premierleague.com/premierleague/photos/players/110x140/p124183.png,3,0,0,0,0.4,False
136,Loftus-Cheek,Chelsea,MID,1.5,https://resources.premierleague.com/premierleague/photos/players/110x140/p126187.png,9,0,0,0,0.2,False
137,Werner,Chelsea,FWD,0.0,https://resources.premierleague.com/premierleague/photos/players/110x140/p165153.png,0,0,0,0,0.2,False
138,Kenedy,Chelsea,DEF,0.0,https://resources.premierleague.com/premierleague/photos/players/110x140/p167767.png,0,0,0,0,0.4,False
139,Chilwell,Chelsea,DEF,3.7,https://resources.premierleague.com/premierleague/photos/players/110x140/p172850.png,22,1,2,1,2.6,False
140,Pulisic,Chelsea,MID,0.8,https://resources.premierleague.com/premierleague/photos/players/110x140/p176413.png,5,0,0,0,0.4,False
141,Chalobah,Chelsea,DEF,0.3,https://resources.premierleague.com/premierleague/photos/players/110x140/p180736.png,2,0,0,0,0.3,False
142,Mount,Chelsea,MID,2.3,https://resources.premierleague.com/premierleague/photos/players/110x140/p184341.png,14,0,1,1,4.0,False
143,Sarr,Chelsea,DEF,0.0,https://resources.premierleague.com/premierleague/photos/players/110x140/p204727.png,0,0,0,0,0.0,False
144,Hudson-Odoi,Chelsea,MID,0.0,https://resources.premierleague.com/premierleague/photos/players/110x140/p209046.png,0,0,0,0,0.0,False
145,Havertz,Chelsea,FWD,2.3,https://resources.premierleague.com/premierleague/photos/players/110x140/p219847.png,14,1,0,1,2.3,False
146,James,Chelsea,DEF,3.8,https://resources.premierleague.com/premierleague/photos/players/110x140/p225796.png,23,1,1,1,37.2,False
147,Mendy,Chelsea,GKP,2.8,https://resources.premierleague.com/premierleague/photos/players/110x140/p228286.png,17,0,0,1,16.4,False
148,Gallagher,Chelsea,MID,0.5,https://resources.premierleague.com/premierleague/photos/players/110x140/p232787.png,3,0,0,0,0.5,False
150,Broja,Chelsea,FWD,0.7,https://resources.premierleague.com/premierleague/photos/players/110x140/p440323.png,4,0,0,0,0.6,False
151,Ampadu,Chelsea,DEF,0.0,https://resources.premierleague.com/premierleague/photos/players/110x140/p199598.png,0,0,0,0,0.1,False
272,Fofana,Chelsea,DEF,0.3,https://resources.premierleague.com/premierleague/photos/players/110x140/p444463.png,2,0,0,0,2.2,False
304,Sterling,Chelsea,MID,5.7,https://resources.premierleague.com/premierleague/photos/players/110x140/p103955.png,34,3,1,1,10.3,False
520,Koulibaly,Chelsea,DEF,2.3,https://resources.premierleague.com/premierleague/photos/players/110x140/p86129.png,14,1,0,1,8.0,False
606,Vale,Chelsea,MID,0.0,https://resources.premierleague.com/premierleague/photos/players/110x140/p491785.png,0,0,0,0,0.0,False
616,Zakaria,Chelsea,MID,0.0,https://resources.premierleague.com/premierleague/photos/players/110x140/p212701.png,0,0,0,0,0.0,False
617,Aubameyang,Chelsea,FWD,0.0,https://resources.premierleague.com/premierleague/photos/players/110x140/p54694.png,0,0,0,0,0.2,False
152,Guaita,Crystal Palace,GKP,2.8,https://resources.premierleague.com/premierleague/photos/players/110x140/p40836.png,15,0,0,1,1.3,False
153,Tomkins,Crystal Palace,DEF,0.0,https://resources.premierleague.com/premierleague/photos/players/110x140/p49413.png,0,0,0,0,0.6,False
154,McArthur,Crystal Palace,MID,0.0,https://resources.premierleague.com/premierleague/photos/players/110x140/p50471.png,0,0,0,0,0.0,False
155,Benteke,Crystal Palace,FWD,0.0,https://resources.premierleague.com/premierleague/photos/players/110x140/p54861.png,0,0,0,0,0.2,False
156,Ward,Crystal Palace,DEF,2.0,https://resources.premierleague.com/premierleague/photos/players/110x140/p55494.png,10,0,0,1,0.2,False
157,Clyne,Crystal Palace,DEF,1.2,https://resources.premierleague.com/premierleague/photos/players/110x140/p57328.png,6,0,0,0,0.2,False
158,Milivojevic,Crystal Palace,MID,0.6,https://resources.premierleague.com/premierleague/photos/players/110x140/p66975.png,4,0,0,0,0.5,False
159,Ayew,Crystal Palace,MID,2.0,https://resources.premierleague.com/premierleague/photos/players/110x140/p80146.png,12,0,0,1,0.3,False
160,Zaha,Crystal Palace,MID,5.8,https://resources.premierleague.com/premierleague/photos/players/110x140/p82403.png,31,4,0,1,14.3,False
161,Schlupp,Crystal Palace,MID,2.2,https://resources.premierleague.com/premierleague/photos/players/110x140/p86417.png,13,0,0,2,0.2,False
162,Butland,Crystal Palace,GKP,0.0,https://resources.premierleague.com/premierleague/photos/players/110x140/p105666.png,0,0,0,0,0.1,False
163,Hughes,Crystal Palace,MID,0.6,https://resources.premierleague.com/premierleague/photos/players/110x140/p108413.png,4,0,0,0,0.0,False
164,Riedewald,Crystal Palace,MID,0.0,https://resources.premierleague.com/premierleague/photos/players/110x140/p173954.png,0,0,0,0,0.1,False
165,Andersen,Crystal Palace,DEF,3.6,https://resources.premierleague.com/premierleague/photos/players/110x140/p174874.png,19,1,0,1,2.4,False
166,Edouard,Crystal Palace,FWD,1.8,https://resources.premierleague.com/premierleague/photos/players/110x140/p199670.png,10,0,1,0,2.0,False
167,Guéhi,Crystal Palace,DEF,2.2,https://resources.premierleague.com/premierleague/photos/players/110x140/p209036.png,10,0,0,1,1.2,False
168,Mateta,Crystal Palace,FWD,1.6,https://resources.premierleague.com/premierleague/photos/players/110x140/p231747.png,9,1,0,1,0.5,False
169,Eze,Crystal Palace,MID,4.0,https://resources.premierleague.com/premierleague/photos/players/110x140/p232413.png,22,0,2,2,2.6,False
170,Mitchell,Crystal Palace,DEF,3.2,https://resources.premierleague.com/premierleague/photos/players/110x140/p244723.png,17,0,1,1,0.7,False
171,Olise,Crystal Palace,MID,1.4,https://resources.premierleague.com/premierleague/photos/players/110x140/p443661.png,7,0,0,1,0.2,False
172,Rak-Sakyi,Crystal Palace,MID,0.0,https://resources.premierleague.com/premierleague/photos/players/110x140/p450542.png,0,0,0,0,0.0,False
173,Ebiowei,Crystal Palace,MID,0.0,https://resources.premierleague.com/premierleague/photos/players/110x140/p450535.png,1,0,0,0,0.2,False
174,Ferguson,Crystal Palace,DEF,0.0,https://resources.premierleague.com/premierleague/photos/players/110x140/p232423.png,0,0,0,0,0.3,False
175,Johnstone,Crystal Palace,GKP,0.0,https://resources.premierleague.com/premierleague/photos/players/110x140/p101982.png,0,0,0,0,0.1,False
495,Matthews,Crystal Palace,GKP,0.0,https://resources.premierleague.com/premierleague/photos/players/110x140/p169593.png,0,0,0,0,0.0,False
496,Plange,Crystal Palace,FWD,0.0,https://resources.premierleague.com/premierleague/photos/players/110x140/p450541.png,0,0,0,0,0.7,False
514,C.Doucouré,Crystal Palace,MID,3.0,https://resources.premierleague.com/premierleague/photos/players/110x140/p438464.png,17,0,1,1,0.2,False
530,Richards,Crystal Palace,DEF,0.4,https://resources.premierleague.com/premierleague/photos/players/110x140/p427623.png,2,0,0,0,0.1,False
590,Whitworth,Crystal Palace,GKP,0.0,https://resources.premierleague.com/premierleague/photos/players/110x140/p487818.png,0,0,0,0,0.1,False
601,Rodney,Crystal Palace,MID,0.0,https://resources.premierleague.com/premierleague/photos/players/110x140/p530318.png,0,0,0,0,0.0,False
604,Phillips,Crystal Palace,MID,0.0,https://resources.premierleague.com/premierleague/photos/players/110x140/p532135.png,0,0,0,0,0.0,False
110,Maupay,Everton,FWD,0.3,https://resources.premierleague.com/premierleague/photos/players/110x140/p115382.png,2,0,0,1,0.4,False
176,Begović,Everton,GKP,0.0,https://resources.premierleague.com/premierleague/photos/players/110x140/p40349.png,0,0,0,0,0.6,False
177,Rondón,Everton,FWD,0.5,https://resources.premierleague.com/premierleague/photos/players/110x140/p57134.png,3,0,0,0,0.5,False
178,Coleman,Everton,DEF,0.0,https://resources.premierleague.com/premierleague/photos/players/110x140/p59949.png,0,0,0,0,0.1,False
179,Townsend,Everton,MID,0.0,https://resources.premierleague.com/premierleague/photos/players/110x140/p60252.png,0,0,0,0,0.0,False
180,Keane,Everton,DEF,0.2,https://resources.premierleague.com/premierleague/photos/players/110x140/p106611.png,1,0,0,0,0.4,False
181,Dele,Everton,MID,0.3,https://resources.premierleague.com/premierleague/photos/players/110x140/p108823.png,2,0,0,0,0.2,False
182,Pickford,Everton,GKP,4.2,https://resources.premierleague.com/premierleague/photos/players/110x140/p111234.png,25,0,1,1,5.7,False
183,Allan,Everton,MID,0.0,https://resources.premierleague.com/premierleague/photos/players/110x140/p119765.png,0,0,0,0,0.1,False
184,André Gomes,Everton,MID,0.0,https://resources.premierleague.com/premierleague/photos/players/110x140/p120250.png,0,0,0,0,0.1,False
185,A.Doucouré,Everton,MID,0.5,https://resources.premierleague.com/premierleague/photos/players/110x140/p121599.png,3,0,0,0,0.1,False
186,Iwobi,Everton,MID,2.5,https://resources.premierleague.com/premierleague/photos/players/110x140/p153133.png,15,0,1,1,0.2,False
187,Gbamin,Everton,MID,0.0,https://resources.premierleague.com/premierleague/photos/players/110x140/p160987.png,0,0,0,0,0.0,False
188,Mina,Everton,DEF,0.2,https://resources.premierleague.com/premierleague/photos/players/110x140/p164511.png,1,0,0,0,0.1,False
189,Gray,Everton,MID,3.3,https://resources.premierleague.com/premierleague/photos/players/110x140/p172632.png,20,1,0,1,0.9,False
190,Davies,Everton,MID,1.0,https://resources.premierleague.com/premierleague/photos/players/110x140/p173807.png,6,0,0,1,0.0,False
191,Calvert-Lewin,Everton,FWD,0.0,https://resources.premierleague.com/premierleague/photos/players/110x140/p177815.png,0,0,0,0,0.2,False
192,Holgate,Everton,DEF,2.0,https://resources.premierleague.com/premierleague/photos/players/110x140/p194164.png,12,0,0,1,0.1,False
193,Godfrey,Everton,DEF,0.2,https://resources.premierleague.com/premierleague/photos/players/110x140/p198826.png,1,0,0,0,0.0,False
194,Mykolenko,Everton,DEF,2.3,https://resources.premierleague.com/premierleague/photos/players/110x140/p224967.png,14,0,0,1,0.3,False
195,Gordon,Everton,MID,3.7,https://resources.premierleague.com/premierleague/photos/players/110x140/p232826.png,22,2,0,1,2.6,False
196,Branthwaite,Everton,DEF,0.0,https://resources.premierleague.com/premierleague/photos/players/110x140/p480455.png,0,0,0,0,0.0,False
197,Patterson,Everton,DEF,2.3,https://resources.premierleague.com/premierleague/photos/players/110x140/p243571.png,14,0,0,1,6.9,False
198,Nkounkou,Everton,DEF,0.0,https://resources.premierleague.com/premierleague/photos/players/110x140/p495542.png,0,0,0,0,0.3,False
199,Tarkowski,Everton,DEF,2.5,https://resources.premierleague.com/premierleague/photos/players/110x140/p17761.png,15,0,0,1,0.7,False
475,Coady,Everton,DEF,3.3,https://resources.premierleague.com/premierleague/photos/players/110x140/p94147.png,20,0,1,1,2.8,False
531,Vinagre,Everton,DEF,0.3,https://resources.premierleague.com/premierleague/photos/players/110x140/p216054.png,2,0,0,0,0.1,False
534,McNeil,Everton,MID,1.7,https://resources.premierleague.com/premierleague/photos/players/110x140/p433154.png,10,0,0,0,0.2,False
560,Mills,Everton,MID,0.0,https://resources.premierleague.com/premierleague/photos/players/110x140/p510328.png,0,0,0,0,0.0,False
561,Warrington,Everton,MID,0.0,https://resources.premierleague.com/premierleague/photos/players/110x140/p461453.png,0,0,0,0,0.1,False
570,Garner,Everton,MID,0.0,https://resources.premierleague.com/premierleague/photos/players/110x140/p232928.png,0,0,0,0,0.1,False
577,Onana,Everton,MID,2.2,https://resources.premierleague.com/premierleague/photos/players/110x140/p449871.png,11,0,1,2,0.2,False
605,Welch,Everton,DEF,0.0,https://resources.premierleague.com/premierleague/photos/players/110x140/p474907.png,0,0,0,0,0.0,False
611,Gueye,Everton,MID,1.0,https://resources.premierleague.com/premierleague/photos/players/110x140/p80801.png,1,0,0,0,0.0,False
2,Leno,Fulham,GKP,1.7,https://resources.premierleague.com/premierleague/photos/players/110x140/p80201.png,10,0,0,0,1.4,False
105,Duffy,Fulham,DEF,0.3,https://resources.premierleague.com/premierleague/photos/players/110x140/p61933.png,2,0,0,0,0.2,False
200,Cairney,Fulham,MID,1.0,https://resources.premierleague.com/premierleague/photos/players/110x140/p76357.png,6,0,0,0,0.1,False
201,Ream,Fulham,DEF,2.0,https://resources.premierleague.com/premierleague/photos/players/110x140/p82514.png,12,0,0,1,0.1,False
202,Knockaert,Fulham,MID,0.0,https://resources.premierleague.com/premierleague/photos/players/110x140/p83543.png,0,0,0,0,0.0,False
203,Chalobah,Fulham,MID,0.3,https://resources.premierleague.com/premierleague/photos/players/110x140/p89085.png,2,0,0,0,0.1,False
204,Kebano,Fulham,MID,2.2,https://resources.premierleague.com/premierleague/photos/players/110x140/p92259.png,13,0,1,1,0.1,False
205,De Cordova-Reid,Fulham,MID,2.7,https://resources.premierleague.com/premierleague/photos/players/110x140/p96994.png,16,1,0,1,0.1,False
206,Bryan,Fulham,DEF,0.0,https://resources.premierleague.com/premierleague/photos/players/110x140/p101105.png,0,0,0,0,0.0,False
207,Gazzaniga,Fulham,GKP,0.0,https://resources.premierleague.com/premierleague/photos/players/110x140/p102884.png,0,0,0,0,3.7,False
208,Kongolo,Fulham,DEF,0.0,https://resources.premierleague.com/premierleague/photos/players/110x140/p109434.png,0,0,0,0,0.4,False
209,Tosin,Fulham,DEF,2.0,https://resources.premierleague.com/premierleague/photos/players/110x140/p109646.png,12,0,0,1,0.1,False
210,Mitrović,Fulham,FWD,6.5,https://resources.premierleague.com/premierleague/photos/players/110x140/p128389.png,39,6,0,1,24.6,False
211,Reed,Fulham,MID,1.8,https://resources.premierleague.com/premierleague/photos/players/110x140/p153366.png,11,0,0,1,1.0,False
212,Wilson,Fulham,MID,0.0,https://resources.premierleague.com/premierleague/photos/players/110x140/p153682.png,0,0,0,0,0.0,False
213,Rodák,Fulham,GKP,1.2,https://resources.premierleague.com/premierleague/photos/players/110x140/p155529.png,7,0,0,1,0.2,False
214,Cavaleiro,Fulham,MID,0.0,https://resources.premierleague.com/premierleague/photos/players/110x140/p166324.png,0,0,0,0,0.1,False
215,Tete,Fulham,DEF,2.7,https://resources.premierleague.com/premierleague/photos/players/110x140/p167074.png,16,0,2,1,0.3,False
216,Onomah,Fulham,MID,0.0,https://resources.premierleague.com/premierleague/photos/players/110x140/p168765.png,0,0,0,0,0.1,False
217,Robinson,Fulham,DEF,1.7,https://resources.premierleague.com/premierleague/photos/players/110x140/p169528.png,10,0,0,1,0.2,False
218,Muniz,Fulham,FWD,0.0,https://resources.premierleague.com/premierleague/photos/players/110x140/p244042.png,0,0,0,0,0.1,False
219,Stansfield,Fulham,FWD,1.2,https://resources.premierleague.com/premierleague/photos/players/110x140/p490146.png,7,0,1,0,2.9,False
220,Palhinha,Fulham,MID,2.3,https://resources.premierleague.com/premierleague/photos/players/110x140/p154296.png,14,1,0,1,0.3,False
231,James,Fulham,MID,1.2,https://resources.premierleague.com/premierleague/photos/players/110x140/p200617.png,7,0,0,1,0.1,False
346,Andreas,Fulham,MID,3.8,https://resources.premierleague.com/premierleague/photos/players/110x140/p156689.png,23,0,2,1,25.2,False
470,Diop,Fulham,DEF,0.2,https://resources.premierleague.com/premierleague/photos/players/110x140/p219924.png,1,0,0,0,0.1,False
521,Francois,Fulham,MID,0.2,https://resources.premierleague.com/premierleague/photos/players/110x140/p432931.png,1,0,0,0,0.0,False
532,Mbabu,Fulham,DEF,1.0,https://resources.premierleague.com/premierleague/photos/players/110x140/p120721.png,6,0,1,0,0.2,False
546,Harris,Fulham,MID,0.0,https://resources.premierleague.com/premierleague/photos/players/110x140/p515024.png,0,0,0,0,0.0,False
562,Solomon,Fulham,MID,0.2,https://resources.premierleague.com/premierleague/photos/players/110x140/p235674.png,1,0,0,0,0.0,False
591,Ablade,Fulham,FWD,0.0,https://resources.premierleague.com/premierleague/photos/players/110x140/p247664.png,0,0,0,0,0.1,False
613,Kurzawa,Fulham,DEF,0.0,https://resources.premierleague.com/premierleague/photos/players/110x140/p89068.png,0,0,0,0,0.0,False
614,Willian,Fulham,MID,1.0,https://resources.premierleague.com/premierleague/photos/players/110x140/p47431.png,1,0,0,0,0.1,False
618,Vinícius,Fulham,FWD,1.0,https://resources.premierleague.com/premierleague/photos/players/110x140/p245824.png,1,0,0,0,0.0,False
248,Schmeichel,Leicester,GKP,0.0,https://resources.premierleague.com/premierleague/photos/players/110x140/p17745.png,0,0,0,0,0.2,False
249,Evans,Leicester,DEF,0.8,https://resources.premierleague.com/premierleague/photos/players/110x140/p37642.png,5,0,0,0,0.3,False
250,Bertrand,Leicester,DEF,0.0,https://resources.premierleague.com/premierleague/photos/players/110x140/p40146.png,0,0,0,0,0.0,False
251,Albrighton,Leicester,MID,0.0,https://resources.premierleague.com/premierleague/photos/players/110x140/p51938.png,0,0,0,0,0.1,False
252,Mendy,Leicester,MID,0.0,https://resources.premierleague.com/premierleague/photos/players/110x140/p86881.png,0,0,0,0,0.5,False
253,Vestergaard,Leicester,DEF,0.0,https://resources.premierleague.com/premierleague/photos/players/110x140/p93100.png,0,0,0,0,7.2,False
254,Ward,Leicester,GKP,1.3,https://resources.premierleague.com/premierleague/photos/players/110x140/p95463.png,8,0,0,0,26.7,False
255,Vardy,Leicester,FWD,2.8,https://resources.premierleague.com/premierleague/photos/players/110x140/p101668.png,17,0,2,1,2.5,False
256,Ricardo,Leicester,DEF,0.0,https://resources.premierleague.com/premierleague/photos/players/110x140/p111931.png,0,0,0,0,0.0,False
257,Amartey,Leicester,DEF,0.8,https://resources.premierleague.com/premierleague/photos/players/110x140/p155569.png,5,0,0,0,0.2,False
258,Castagne,Leicester,DEF,1.7,https://resources.premierleague.com/premierleague/photos/players/110x140/p166477.png,10,1,0,0,1.3,False
259,Tielemans,Leicester,MID,2.7,https://resources.premierleague.com/premierleague/photos/players/110x140/p166989.png,16,0,1,0,1.4,False
260,Pérez,Leicester,MID,1.2,https://resources.premierleague.com/premierleague/photos/players/110x140/p168580.png,7,0,1,1,0.1,False
261,Maddison,Leicester,MID,3.7,https://resources.premierleague.com/premierleague/photos/players/110x140/p172780.png,22,2,1,0,2.9,False
262,Iheanacho,Leicester,FWD,2.2,https://resources.premierleague.com/premierleague/photos/players/110x140/p173515.png,13,1,1,0,0.5,False
263,Choudhury,Leicester,MID,0.0,https://resources.premierleague.com/premierleague/photos/players/110x140/p197469.png,0,0,0,0,0.1,False
264,Barnes,Leicester,MID,2.0,https://resources.premierleague.com/premierleague/photos/players/110x140/p201666.png,12,1,0,0,1.1,False
265,Ndidi,Leicester,MID,1.8,https://resources.premierleague.com/premierleague/photos/players/110x140/p203341.png,11,0,0,0,0.3,False
266,Dewsbury-Hall,Leicester,MID,3.0,https://resources.premierleague.com/premierleague/photos/players/110x140/p215413.png,18,1,0,0,1.4,False
267,Söyüncü,Leicester,DEF,0.0,https://resources.premierleague.com/premierleague/photos/players/110x140/p218031.png,0,0,0,0,0.3,False
268,Justin,Leicester,DEF,1.3,https://resources.premierleague.com/premierleague/photos/players/110x140/p220627.png,8,0,1,0,0.8,False
269,Soumaré,Leicester,MID,0.8,https://resources.premierleague.com/premierleague/photos/players/110x140/p225902.png,5,0,0,0,0.7,False
270,Thomas,Leicester,DEF,-0.2,https://resources.premierleague.com/premierleague/photos/players/110x140/p244619.png,-1,0,0,0,0.1,False
271,Daka,Leicester,FWD,2.3,https://resources.premierleague.com/premierleague/photos/players/110x140/p245419.png,14,1,1,0,0.7,False
273,Brunt,Leicester,DEF,0.0,https://resources.premierleague.com/premierleague/photos/players/110x140/p232620.png,0,0,0,0,0.3,False
548,Iversen,Leicester,GKP,0.0,https://resources.premierleague.com/premierleague/photos/players/110x140/p207270.png,0,0,0,0,3.1,False
549,Praet,Leicester,MID,0.2,https://resources.premierleague.com/premierleague/photos/players/110x140/p106837.png,1,0,0,0,0.0,False
581,Smithies,Leicester,GKP,0.0,https://resources.premierleague.com/premierleague/photos/players/110x140/p45220.png,0,0,0,0,0.0,False
612,Faes,Leicester,DEF,0.0,https://resources.premierleague.com/premierleague/photos/players/110x140/p218218.png,0,0,0,0,0.0,False
221,Cooper,Leeds,DEF,0.0,https://resources.premierleague.com/premierleague/photos/players/110x140/p55914.png,0,0,0,0,0.0,False
222,Ayling,Leeds,DEF,0.5,https://resources.premierleague.com/premierleague/photos/players/110x140/p66588.png,3,0,1,0,0.0,False
223,Klich,Leeds,MID,0.8,https://resources.premierleague.com/premierleague/photos/players/110x140/p72222.png,5,0,0,0,0.1,False
224,Forshaw,Leeds,MID,0.5,https://resources.premierleague.com/premierleague/photos/players/110x140/p80179.png,3,0,0,0,0.1,False
225,Rodrigo,Leeds,MID,6.3,https://resources.premierleague.com/premierleague/photos/players/110x140/p80954.png,38,4,1,1,9.0,True
226,Dallas,Leeds,DEF,0.0,https://resources.premierleague.com/premierleague/photos/players/110x140/p87873.png,0,0,0,0,0.0,False
227,Bamford,Leeds,FWD,1.3,https://resources.premierleague.com/premierleague/photos/players/110x140/p106617.png,8,0,1,0,0.5,False
228,Llorente,Leeds,DEF,2.3,https://resources.premierleague.com/premierleague/photos/players/110x140/p149915.png,14,0,0,1,0.4,False
229,Roberts,Leeds,MID,0.0,https://resources.premierleague.com/premierleague/photos/players/110x140/p173821.png,0,0,0,0,0.0,False
230,Koch,Leeds,DEF,2.2,https://resources.premierleague.com/premierleague/photos/players/110x140/p193645.png,13,0,0,1,0.2,False
232,Raphinha,Leeds,MID,0.0,https://resources.premierleague.com/premierleague/photos/players/110x140/p219961.png,0,0,0,0,0.1,False
233,Harrison,Leeds,MID,4.8,https://resources.premierleague.com/premierleague/photos/players/110x140/p221399.png,29,1,3,1,6.1,False
234,Shackleton,Leeds,MID,0.0,https://resources.premierleague.com/premierleague/photos/players/110x140/p221610.png,0,0,0,0,0.0,False
235,Struijk,Leeds,DEF,3.2,https://resources.premierleague.com/premierleague/photos/players/110x140/p222694.png,19,0,1,1,0.6,False
236,Klaesson,Leeds,GKP,0.0,https://resources.premierleague.com/premierleague/photos/players/110x140/p223081.png,0,0,0,0,0.4,False
237,Greenwood,Leeds,FWD,0.5,https://resources.premierleague.com/premierleague/photos/players/110x140/p248937.png,3,0,0,0,14.7,False
238,Meslier,Leeds,GKP,2.8,https://resources.premierleague.com/premierleague/photos/players/110x140/p437495.png,17,0,0,1,2.5,False
239,Firpo,Leeds,DEF,0.0,https://resources.premierleague.com/premierleague/photos/players/110x140/p443967.png,0,0,0,0,0.0,False
240,Summerville,Leeds,MID,0.3,https://resources.premierleague.com/premierleague/photos/players/110x140/p450070.png,2,0,0,0,0.3,False
241,Bate,Leeds,MID,0.0,https://resources.premierleague.com/premierleague/photos/players/110x140/p450529.png,0,0,0,0,0.0,False
242,Gelhardt,Leeds,FWD,0.8,https://resources.premierleague.com/premierleague/photos/players/110x140/p462635.png,5,0,0,0,0.3,False
243,Hjelde,Leeds,DEF,0.0,https://resources.premierleague.com/premierleague/photos/players/110x140/p477547.png,0,0,0,0,0.3,False
244,Kristensen,Leeds,DEF,1.8,https://resources.premierleague.com/premierleague/photos/players/110x140/p224209.png,11,0,0,1,0.5,False
245,Roca,Leeds,MID,2.8,https://resources.premierleague.com/premierleague/photos/players/110x140/p234370.png,17,1,0,1,0.1,False
246,Aaronson,Leeds,MID,3.2,https://resources.premierleague.com/premierleague/photos/players/110x140/p427637.png,19,1,1,1,1.9,False
247,Gyabi,Leeds,MID,0.0,https://resources.premierleague.com/premierleague/photos/players/110x140/p470294.png,0,0,0,0,0.1,False
506,Adams,Leeds,MID,1.8,https://resources.premierleague.com/premierleague/photos/players/110x140/p200785.png,11,0,0,1,0.2,False
508,Sinisterra,Leeds,MID,3.0,https://resources.premierleague.com/premierleague/photos/players/110x140/p224995.png,18,2,0,0,0.7,False
547,Drameh,Leeds,DEF,0.2,https://resources.premierleague.com/premierleague/photos/players/110x140/p433590.png,1,0,0,0,0.1,False
565,Gray,Leeds,MID,0.0,https://resources.premierleague.com/premierleague/photos/players/110x140/p547701.png,0,0,0,0,0.1,False
578,Robles,Leeds,GKP,0.0,https://resources.premierleague.com/premierleague/photos/players/110x140/p78315.png,0,0,0,0,0.0,False
619,Gnonto,Leeds,FWD,0.0,https://resources.premierleague.com/premierleague/photos/players/110x140/p492859.png,0,0,0,0,0.0,False
274,Milner,Liverpool,MID,1.8,https://resources.premierleague.com/premierleague/photos/players/110x140/p15157.png,11,0,1,0,1.2,False
275,Henderson,Liverpool,MID,1.5,https://resources.premierleague.com/premierleague/photos/players/110x140/p56979.png,9,0,0,1,0.7,False
276,Matip,Liverpool,DEF,0.3,https://resources.premierleague.com/premierleague/photos/players/110x140/p60914.png,2,0,0,0,0.9,False
277,Thiago,Liverpool,MID,0.2,https://resources.premierleague.com/premierleague/photos/players/110x140/p61558.png,1,0,0,0,0.5,False
278,Chamberlain,Liverpool,MID,0.0,https://resources.premierleague.com/premierleague/photos/players/110x140/p81880.png,0,0,0,0,0.0,False
279,Firmino,Liverpool,FWD,5.8,https://resources.premierleague.com/premierleague/photos/players/110x140/p92217.png,35,3,3,1,3.8,False
280,Van Dijk,Liverpool,DEF,3.8,https://resources.premierleague.com/premierleague/photos/players/110x140/p97032.png,23,1,0,2,14.1,False
281,Alisson,Liverpool,GKP,3.3,https://resources.premierleague.com/premierleague/photos/players/110x140/p116535.png,20,0,0,2,15.4,False
282,Fabinho,Liverpool,MID,1.8,https://resources.premierleague.com/premierleague/photos/players/110x140/p116643.png,11,0,0,2,1.1,False
283,Salah,Liverpool,MID,6.3,https://resources.premierleague.com/premierleague/photos/players/110x140/p118748.png,38,2,3,2,49.8,False
284,Robertson,Liverpool,DEF,2.7,https://resources.premierleague.com/premierleague/photos/players/110x140/p122798.png,16,0,1,1,6.6,False
285,Alexander-Arnold,Liverpool,DEF,4.0,https://resources.premierleague.com/premierleague/photos/players/110x140/p169187.png,24,1,1,1,47.1,False
286,Gomez,Liverpool,DEF,3.2,https://resources.premierleague.com/premierleague/photos/players/110x140/p171287.png,19,0,0,2,0.7,False
287,Keita,Liverpool,MID,0.0,https://resources.premierleague.com/premierleague/photos/players/110x140/p175592.png,0,0,0,0,0.1,False
288,Diogo Jota,Liverpool,FWD,0.2,https://resources.premierleague.com/premierleague/photos/players/110x140/p194634.png,1,0,0,0,0.3,False
289,Kelleher,Liverpool,GKP,0.0,https://resources.premierleague.com/premierleague/photos/players/110x140/p200720.png,0,0,0,0,0.2,False
290,Konaté,Liverpool,DEF,0.0,https://resources.premierleague.com/premierleague/photos/players/110x140/p204716.png,0,0,0,0,0.2,False
291,Jones,Liverpool,MID,0.0,https://resources.premierleague.com/premierleague/photos/players/110x140/p206915.png,0,0,0,0,0.0,False
292,Tsimikas,Liverpool,DEF,1.7,https://resources.premierleague.com/premierleague/photos/players/110x140/p214285.png,10,0,2,0,0.2,False
293,Luis Díaz,Liverpool,MID,5.3,https://resources.premierleague.com/premierleague/photos/players/110x140/p244731.png,32,3,0,2,30.7,False
294,Elliott,Liverpool,MID,3.0,https://resources.premierleague.com/premierleague/photos/players/110x140/p444884.png,18,1,0,1,1.4,False
296,Carvalho,Liverpool,MID,3.2,https://resources.premierleague.com/premierleague/photos/players/110x140/p244858.png,19,2,1,0,0.7,False
297,Darwin,Liverpool,FWD,1.5,https://resources.premierleague.com/premierleague/photos/players/110x140/p447203.png,9,1,1,1,7.5,False
298,Ramsay,Liverpool,DEF,0.0,https://resources.premierleague.com/premierleague/photos/players/110x140/p489580.png,0,0,0,0,0.2,False
497,Adrián,Liverpool,GKP,0.0,https://resources.premierleague.com/premierleague/photos/players/110x140/p60706.png,0,0,0,0,0.7,False
498,R.Williams,Liverpool,DEF,0.0,https://resources.premierleague.com/premierleague/photos/players/110x140/p219937.png,0,0,0,0,0.0,False
499,Davies,Liverpool,DEF,0.0,https://resources.premierleague.com/premierleague/photos/players/110x140/p152898.png,0,0,0,0,0.0,False
500,Van den Berg,Liverpool,DEF,0.0,https://resources.premierleague.com/premierleague/photos/players/110x140/p444765.png,0,0,0,0,0.2,False
501,Phillips,Liverpool,DEF,0.3,https://resources.premierleague.com/premierleague/photos/players/110x140/p197464.png,2,0,0,0,0.4,False
563,Chambers,Liverpool,DEF,0.0,https://resources.premierleague.com/premierleague/photos/players/110x140/p462491.png,0,0,0,0,0.1,False
564,Bajcetic,Liverpool,MID,0.2,https://resources.premierleague.com/premierleague/photos/players/110x140/p535928.png,1,0,0,0,0.0,False
584,Clark,Liverpool,MID,0.2,https://resources.premierleague.com/premierleague/photos/players/110x140/p491970.png,1,0,0,0,0.0,False
592,H.Davies,Liverpool,GKP,0.0,https://resources.premierleague.com/premierleague/photos/players/110x140/p464353.png,0,0,0,0,0.0,False
620,Arthur,Liverpool,MID,0.0,https://resources.premierleague.com/premierleague/photos/players/110x140/p204043.png,0,0,0,0,0.0,False
299,Walker,Man City,DEF,3.7,https://resources.premierleague.com/premierleague/photos/players/110x140/p58621.png,22,0,0,3,12.4,False
300,Gündogan,Man City,MID,5.0,https://resources.premierleague.com/premierleague/photos/players/110x140/p59859.png,30,2,1,3,5.2,False
301,De Bruyne,Man City,MID,5.8,https://resources.premierleague.com/premierleague/photos/players/110x140/p61366.png,35,1,4,2,24.6,False
302,Stones,Man City,DEF,2.7,https://resources.premierleague.com/premierleague/photos/players/110x140/p97299.png,16,0,2,1,2.2,False
303,Mahrez,Man City,MID,1.8,https://resources.premierleague.com/premierleague/photos/players/110x140/p103025.png,11,0,1,1,1.8,False
305,Grealish,Man City,MID,0.7,https://resources.premierleague.com/premierleague/photos/players/110x140/p114283.png,4,0,0,1,1.2,False
306,Cancelo,Man City,DEF,5.5,https://resources.premierleague.com/premierleague/photos/players/110x140/p121145.png,33,1,1,3,47.7,True
307,Ederson,Man City,GKP,3.8,https://resources.premierleague.com/premierleague/photos/players/110x140/p121160.png,23,0,0,3,17.3,False
308,Aké,Man City,DEF,2.5,https://resources.premierleague.com/premierleague/photos/players/110x140/p126184.png,15,0,0,2,0.8,False
309,Laporte,Man City,DEF,0.0,https://resources.premierleague.com/premierleague/photos/players/110x140/p146941.png,0,0,0,0,0.3,False
310,Steffen,Man City,GKP,0.0,https://resources.premierleague.com/premierleague/photos/players/110x140/p164484.png,0,0,0,0,0.0,False
311,Bernardo,Man City,MID,5.5,https://resources.premierleague.com/premierleague/photos/players/110x140/p165809.png,33,2,2,2,12.0,False
312,Dias,Man City,DEF,3.7,https://resources.premierleague.com/premierleague/photos/players/110x140/p171314.png,22,0,0,3,10.3,False
314,Foden,Man City,MID,4.0,https://resources.premierleague.com/premierleague/photos/players/110x140/p209244.png,24,1,3,1,7.2,False
315,Rodri,Man City,MID,3.2,https://resources.premierleague.com/premierleague/photos/players/110x140/p220566.png,19,0,2,2,2.2,False
316,Palmer,Man City,MID,0.5,https://resources.premierleague.com/premierleague/photos/players/110x140/p244851.png,3,0,0,0,0.1,False
317,McAtee,Man City,MID,0.0,https://resources.premierleague.com/premierleague/photos/players/110x140/p432714.png,0,0,0,0,0.0,False
318,Haaland,Man City,FWD,11.2,https://resources.premierleague.com/premierleague/photos/players/110x140/p223094.png,67,10,1,3,77.9,True
319,Álvarez,Man City,FWD,2.5,https://resources.premierleague.com/premierleague/photos/players/110x140/p461358.png,15,2,0,1,1.7,False
320,Mbete,Man City,DEF,0.0,https://resources.premierleague.com/premierleague/photos/players/110x140/p439510.png,0,0,0,0,0.3,False
322,Wilson-Esbrand,Man City,DEF,0.0,https://resources.premierleague.com/premierleague/photos/players/110x140/p447880.png,0,0,0,0,0.7,False
323,Delap,Man City,FWD,0.0,https://resources.premierleague.com/premierleague/photos/players/110x140/p463034.png,0,0,0,0,0.3,False
324,Ortega,Man City,GKP,0.0,https://resources.premierleague.com/premierleague/photos/players/110x140/p88248.png,0,0,0,0,0.6,False
325,Phillips,Man City,MID,0.2,https://resources.premierleague.com/premierleague/photos/players/110x140/p155405.png,1,0,0,0,0.2,False
502,Carson,Man City,GKP,0.0,https://resources.premierleague.com/premierleague/photos/players/110x140/p17601.png,0,0,0,0,0.2,False
573,Lewis,Man City,DEF,0.3,https://resources.premierleague.com/premierleague/photos/players/110x140/p477064.png,2,0,0,0,0.1,False
587,Sergio Gómez,Man City,DEF,0.5,https://resources.premierleague.com/premierleague/photos/players/110x140/p437468.png,2,0,0,0,0.0,False
599,Gomes,Man City,MID,0.0,https://resources.premierleague.com/premierleague/photos/players/110x140/p219291.png,0,0,0,0,0.0,False
600,Knight,Man City,MID,0.0,https://resources.premierleague.com/premierleague/photos/players/110x140/p244932.png,0,0,0,0,0.0,False
610,Akanji,Man City,DEF,0.0,https://resources.premierleague.com/premierleague/photos/players/110x140/p211975.png,0,0,0,0,0.0,False
326,Ronaldo,Man Utd,FWD,1.2,https://resources.premierleague.com/premierleague/photos/players/110x140/p14937.png,7,0,0,0,2.6,False
327,De Gea,Man Utd,GKP,3.5,https://resources.premierleague.com/premierleague/photos/players/110x140/p51940.png,21,0,0,2,6.2,False
328,Jones,Man Utd,DEF,0.0,https://resources.premierleague.com/premierleague/photos/players/110x140/p76359.png,0,0,0,0,0.7,False
329,Varane,Man Utd,DEF,2.8,https://resources.premierleague.com/premierleague/photos/players/110x140/p90152.png,17,0,0,2,3.2,False
330,Maguire,Man Utd,DEF,-0.2,https://resources.premierleague.com/premierleague/photos/players/110x140/p95658.png,-1,0,0,0,0.4,False
331,Fred,Man Utd,MID,0.8,https://resources.premierleague.com/premierleague/photos/players/110x140/p101582.png,5,0,0,0,0.5,False
332,Shaw,Man Utd,DEF,-0.2,https://resources.premierleague.com/premierleague/photos/players/110x140/p106760.png,-1,0,0,0,0.4,False
333,Fernandes,Man Utd,MID,3.7,https://resources.premierleague.com/premierleague/photos/players/110x140/p141746.png,22,1,1,2,2.3,False
334,Telles,Man Utd,DEF,0.0,https://resources.premierleague.com/premierleague/photos/players/110x140/p152590.png,0,0,0,0,0.0,False
335,Rashford,Man Utd,MID,6.7,https://resources.premierleague.com/premierleague/photos/players/110x140/p176297.png,40,3,2,2,11.5,True
336,Van de Beek,Man Utd,MID,0.5,https://resources.premierleague.com/premierleague/photos/players/110x140/p180184.png,3,0,0,0,0.2,False
337,Lindelöf,Man Utd,DEF,0.0,https://resources.premierleague.com/premierleague/photos/players/110x140/p184667.png,0,0,0,0,0.1,False
338,McTominay,Man Utd,MID,1.5,https://resources.premierleague.com/premierleague/photos/players/110x140/p195851.png,9,0,0,2,0.2,False
339,Bailly,Man Utd,DEF,0.0,https://resources.premierleague.com/premierleague/photos/players/110x140/p197365.png,0,0,0,0,0.7,False
340,Sancho,Man Utd,MID,4.7,https://resources.premierleague.com/premierleague/photos/players/110x140/p209243.png,28,2,0,3,7.1,False
341,Wan-Bissaka,Man Utd,DEF,0.2,https://resources.premierleague.com/premierleague/photos/players/110x140/p214590.png,1,0,0,0,0.2,False
342,Dalot,Man Utd,DEF,3.8,https://resources.premierleague.com/premierleague/photos/players/110x140/p216051.png,23,0,1,2,6.2,False
343,B.Williams,Man Utd,DEF,0.0,https://resources.premierleague.com/premierleague/photos/players/110x140/p232937.png,0,0,0,0,2.2,False
344,Elanga,Man Utd,MID,1.7,https://resources.premierleague.com/premierleague/photos/players/110x140/p449434.png,10,0,1,1,0.8,False
345,Martial,Man Utd,FWD,0.7,https://resources.premierleague.com/premierleague/photos/players/110x140/p148225.png,4,0,1,0,0.5,False
347,Pellistri,Man Utd,MID,0.0,https://resources.premierleague.com/premierleague/photos/players/110x140/p488404.png,0,0,0,0,0.0,False
348,Heaton,Man Utd,GKP,0.0,https://resources.premierleague.com/premierleague/photos/players/110x140/p21205.png,0,0,0,0,0.4,False
355,Dubravka,Man Utd,GKP,0.0,https://resources.premierleague.com/premierleague/photos/players/110x140/p67089.png,0,0,0,0,0.6,False
504,Malacia,Man Utd,DEF,3.2,https://resources.premierleague.com/premierleague/photos/players/110x140/p222690.png,19,0,0,2,3.8,False
519,Eriksen,Man Utd,MID,2.7,https://resources.premierleague.com/premierleague/photos/players/110x140/p80607.png,16,0,1,2,2.9,False
533,Martínez,Man Utd,DEF,2.3,https://resources.premierleague.com/premierleague/photos/players/110x140/p221820.png,14,0,0,2,5.2,False
550,Amad,Man Utd,MID,0.0,https://resources.premierleague.com/premierleague/photos/players/110x140/p493250.png,0,0,0,0,0.1,False
551,Iqbal,Man Utd,MID,0.0,https://resources.premierleague.com/premierleague/photos/players/110x140/p461548.png,0,0,0,0,0.1,False
569,Garnacho,Man Utd,MID,0.2,https://resources.premierleague.com/premierleague/photos/players/110x140/p493105.png,1,0,0,0,0.1,False
593,Casemiro,Man Utd,MID,1.0,https://resources.premierleague.com/premierleague/photos/players/110x140/p61256.png,3,0,0,0,1.8,False
609,Antony,Man Utd,MID,6.0,https://resources.premierleague.com/premierleague/photos/players/110x140/p467169.png,6,1,0,0,3.3,False
615,Kovár,Man Utd,GKP,0.0,https://resources.premierleague.com/premierleague/photos/players/110x140/p446189.png,0,0,0,0,0.0,False
349,Shelvey,Newcastle,MID,0.0,https://resources.premierleague.com/premierleague/photos/players/110x140/p50232.png,0,0,0,0,0.0,False
350,Ritchie,Newcastle,DEF,0.2,https://resources.premierleague.com/premierleague/photos/players/110x140/p56983.png,1,0,0,0,0.1,False
351,Fernández,Newcastle,DEF,0.0,https://resources.premierleague.com/premierleague/photos/players/110x140/p57145.png,0,0,0,0,0.0,False
352,Clark,Newcastle,DEF,0.0,https://resources.premierleague.com/premierleague/photos/players/110x140/p58845.png,0,0,0,0,0.0,False
353,Darlow,Newcastle,GKP,0.0,https://resources.premierleague.com/premierleague/photos/players/110x140/p59735.png,0,0,0,0,2.0,False
354,Wood,Newcastle,FWD,1.2,https://resources.premierleague.com/premierleague/photos/players/110x140/p60689.png,7,0,0,0,0.7,False
356,Wilson,Newcastle,FWD,2.3,https://resources.premierleague.com/premierleague/photos/players/110x140/p75115.png,14,2,0,2,0.8,False
357,Trippier,Newcastle,DEF,5.0,https://resources.premierleague.com/premierleague/photos/players/110x140/p77794.png,30,1,0,3,32.0,True
358,Burn,Newcastle,DEF,3.0,https://resources.premierleague.com/premierleague/photos/players/110x140/p78916.png,18,0,0,2,1.5,False
359,Fraser,Newcastle,MID,1.0,https://resources.premierleague.com/premierleague/photos/players/110x140/p90105.png,6,0,0,1,0.1,False
360,Lascelles,Newcastle,DEF,0.0,https://resources.premierleague.com/premierleague/photos/players/110x140/p101148.png,0,0,0,0,0.1,False
361,Gayle,Newcastle,FWD,0.0,https://resources.premierleague.com/premierleague/photos/players/110x140/p104547.png,0,0,0,0,0.1,False
362,Dummett,Newcastle,DEF,0.0,https://resources.premierleague.com/premierleague/photos/players/110x140/p106618.png,0,0,0,0,0.5,False
363,Manquillo,Newcastle,DEF,0.0,https://resources.premierleague.com/premierleague/photos/players/110x140/p109528.png,0,0,0,0,0.1,False
364,Krafth,Newcastle,DEF,0.2,https://resources.premierleague.com/premierleague/photos/players/110x140/p111773.png,1,0,0,0,0.0,False
365,Murphy,Newcastle,MID,1.0,https://resources.premierleague.com/premierleague/photos/players/110x140/p114243.png,6,0,0,0,4.1,False
366,Schär,Newcastle,DEF,4.5,https://resources.premierleague.com/premierleague/photos/players/110x140/p119471.png,27,1,0,3,7.7,False
367,Targett,Newcastle,DEF,2.7,https://resources.premierleague.com/premierleague/photos/players/110x140/p169359.png,16,0,0,2,0.8,False
368,Saint-Maximin,Newcastle,MID,4.5,https://resources.premierleague.com/premierleague/photos/players/110x140/p170137.png,27,1,3,2,7.2,False
369,Almirón,Newcastle,MID,3.3,https://resources.premierleague.com/premierleague/photos/players/110x140/p179018.png,20,1,0,3,1.8,False
370,S.Longstaff,Newcastle,MID,2.2,https://resources.premierleague.com/premierleague/photos/players/110x140/p180135.png,13,0,1,1,2.1,False
371,Joelinton,Newcastle,MID,2.7,https://resources.premierleague.com/premierleague/photos/players/110x140/p180974.png,16,0,1,3,0.7,False
372,Lewis,Newcastle,DEF,0.0,https://resources.premierleague.com/premierleague/photos/players/110x140/p194799.png,0,0,0,0,0.0,False
373,Willock,Newcastle,MID,2.5,https://resources.premierleague.com/premierleague/photos/players/110x140/p200089.png,15,0,0,3,0.5,False
374,Bruno Guimarães,Newcastle,MID,1.2,https://resources.premierleague.com/premierleague/photos/players/110x140/p208706.png,7,0,0,2,2.8,False
375,Hendrick,Newcastle,MID,0.0,https://resources.premierleague.com/premierleague/photos/players/110x140/p83314.png,0,0,0,0,0.0,False
376,Pope,Newcastle,GKP,6.0,https://resources.premierleague.com/premierleague/photos/players/110x140/p98747.png,36,0,0,3,9.5,True
377,Botman,Newcastle,DEF,2.8,https://resources.premierleague.com/premierleague/photos/players/110x140/p220237.png,17,0,0,2,1.8,False
552,Anderson,Newcastle,MID,0.5,https://resources.premierleague.com/premierleague/photos/players/110x140/p215379.png,3,0,0,0,0.2,False
594,Isak,Newcastle,FWD,3.0,https://resources.premierleague.com/premierleague/photos/players/110x140/p219168.png,9,1,0,1,3.9,False
295,N.Williams,Nott'm Forest,DEF,2.0,https://resources.premierleague.com/premierleague/photos/players/110x140/p215136.png,12,0,1,1,27.6,False
378,Arter,Nott'm Forest,MID,0.0,https://resources.premierleague.com/premierleague/photos/players/110x140/p48615.png,0,0,0,0,0.2,False
379,Cook,Nott'm Forest,DEF,0.8,https://resources.premierleague.com/premierleague/photos/players/110x140/p56917.png,5,0,0,0,0.1,False
380,Taylor,Nott'm Forest,FWD,0.0,https://resources.premierleague.com/premierleague/photos/players/110x140/p57647.png,0,0,0,0,7.1,False
381,Colback,Nott'm Forest,MID,0.7,https://resources.premierleague.com/premierleague/photos/players/110x140/p58771.png,4,0,0,0,0.8,False
382,Samba,Nott'm Forest,GKP,0.0,https://resources.premierleague.com/premierleague/photos/players/110x140/p102836.png,0,0,0,0,0.0,False
383,Cafú,Nott'm Forest,MID,0.2,https://resources.premierleague.com/premierleague/photos/players/110x140/p166325.png,1,0,0,0,0.4,False
384,Lolley,Nott'm Forest,MID,0.0,https://resources.premierleague.com/premierleague/photos/players/110x140/p168172.png,0,0,0,0,0.0,False
385,McKenna,Nott'm Forest,DEF,1.2,https://resources.premierleague.com/premierleague/photos/players/110x140/p168281.png,7,0,0,1,0.1,False
386,Dräger,Nott'm Forest,DEF,0.0,https://resources.premierleague.com/premierleague/photos/players/110x140/p173399.png,0,0,0,0,0.1,False
387,Yates,Nott'm Forest,MID,1.7,https://resources.premierleague.com/premierleague/photos/players/110x140/p204968.png,10,0,1,0,0.0,False
388,Worrall,Nott'm Forest,DEF,1.3,https://resources.premierleague.com/premierleague/photos/players/110x140/p208912.png,8,0,0,1,0.1,False
389,Panzo,Nott'm Forest,DEF,0.0,https://resources.premierleague.com/premierleague/photos/players/110x140/p209035.png,0,0,0,0,0.0,False
390,Xande Silva,Nott'm Forest,MID,0.0,https://resources.premierleague.com/premierleague/photos/players/110x140/p209925.png,0,0,0,0,0.0,False
391,Surridge,Nott'm Forest,FWD,0.5,https://resources.premierleague.com/premierleague/photos/players/110x140/p217331.png,3,0,0,0,1.0,False
392,Laryea,Nott'm Forest,DEF,0.0,https://resources.premierleague.com/premierleague/photos/players/110x140/p221403.png,0,0,0,0,0.0,False
393,Mbe Soh,Nott'm Forest,DEF,0.0,https://resources.premierleague.com/premierleague/photos/players/110x140/p242885.png,0,0,0,0,0.0,False
394,Johnson,Nott'm Forest,FWD,3.5,https://resources.premierleague.com/premierleague/photos/players/110x140/p242898.png,21,2,0,1,1.5,False
395,Mighten,Nott'm Forest,MID,0.2,https://resources.premierleague.com/premierleague/photos/players/110x140/p244930.png,1,0,0,0,0.0,False
396,Ojeda,Nott'm Forest,MID,0.0,https://resources.premierleague.com/premierleague/photos/players/110x140/p437476.png,0,0,0,0,0.0,False
397,Awoniyi,Nott'm Forest,FWD,2.3,https://resources.premierleague.com/premierleague/photos/players/110x140/p210156.png,14,1,0,2,0.8,False
398,Henderson,Nott'm Forest,GKP,5.2,https://resources.premierleague.com/premierleague/photos/players/110x140/p172649.png,31,0,0,1,13.4,False
399,Biancone,Nott'm Forest,DEF,0.2,https://resources.premierleague.com/premierleague/photos/players/110x140/p437753.png,1,0,0,0,0.1,False
474,Boly,Nott'm Forest,DEF,0.0,https://resources.premierleague.com/premierleague/photos/players/110x140/p90585.png,0,0,0,0,0.2,False
493,Gibbs-White,Nott'm Forest,MID,2.2,https://resources.premierleague.com/premierleague/photos/players/110x140/p222531.png,13,0,1,1,0.4,False
507,Niakhaté,Nott'm Forest,DEF,1.2,https://resources.premierleague.com/premierleague/photos/players/110x140/p199170.png,7,0,0,1,0.1,False
511,Richards,Nott'm Forest,DEF,0.0,https://resources.premierleague.com/premierleague/photos/players/110x140/p204822.png,0,0,0,0,0.0,False
518,Hennessey,Nott'm Forest,GKP,0.0,https://resources.premierleague.com/premierleague/photos/players/110x140/p20066.png,0,0,0,0,1.8,False
523,Toffolo,Nott'm Forest,DEF,2.0,https://resources.premierleague.com/premierleague/photos/players/110x140/p114241.png,12,0,0,1,0.1,False
524,O'Brien,Nott'm Forest,MID,1.5,https://resources.premierleague.com/premierleague/photos/players/110x140/p243345.png,9,0,0,1,0.1,False
527,Lingard,Nott'm Forest,MID,2.5,https://resources.premierleague.com/premierleague/photos/players/110x140/p109322.png,15,0,1,2,2.8,False
536,Mangala,Nott'm Forest,MID,0.8,https://resources.premierleague.com/premierleague/photos/players/110x140/p179519.png,5,0,0,1,0.0,False
553,Hammond,Nott'm Forest,MID,0.0,https://resources.premierleague.com/premierleague/photos/players/110x140/p475492.png,0,0,0,0,0.0,False
582,Freuler,Nott'm Forest,MID,0.8,https://resources.premierleague.com/premierleague/photos/players/110x140/p89076.png,3,0,0,0,0.0,False
583,Kouyaté,Nott'm Forest,MID,3.0,https://resources.premierleague.com/premierleague/photos/players/110x140/p55037.png,12,1,0,0,0.2,False
585,Dennis,Nott'm Forest,FWD,0.5,https://resources.premierleague.com/premierleague/photos/players/110x140/p230251.png,2,0,0,0,0.1,False
602,Renan Lodi,Nott'm Forest,DEF,0.0,https://resources.premierleague.com/premierleague/photos/players/110x140/p233420.png,0,0,0,0,0.2,False
621,Badé,Nott'm Forest,DEF,0.0,https://resources.premierleague.com/premierleague/photos/players/110x140/p500267.png,0,0,0,0,0.0,False
21,Maitland-Niles,Southampton,MID,0.2,https://resources.premierleague.com/premierleague/photos/players/110x140/p154043.png,1,0,0,0,0.1,False
321,Lavia,Southampton,MID,2.2,https://resources.premierleague.com/premierleague/photos/players/110x140/p514356.png,13,1,0,0,0.5,False
400,Walcott,Southampton,MID,0.0,https://resources.premierleague.com/premierleague/photos/players/110x140/p20467.png,0,0,0,0,0.0,False
401,McCarthy,Southampton,GKP,0.0,https://resources.premierleague.com/premierleague/photos/players/110x140/p58376.png,0,0,0,0,0.2,False
402,Romeu,Southampton,MID,0.3,https://resources.premierleague.com/premierleague/photos/players/110x140/p78056.png,2,0,0,0,0.1,False
403,Redmond,Southampton,MID,0.2,https://resources.premierleague.com/premierleague/photos/players/110x140/p83283.png,1,0,0,0,0.0,False
405,S.Armstrong,Southampton,MID,1.0,https://resources.premierleague.com/premierleague/photos/players/110x140/p91047.png,6,0,0,0,0.1,False
406,Elyounoussi,Southampton,MID,1.3,https://resources.premierleague.com/premierleague/photos/players/110x140/p96787.png,8,0,0,0,0.1,False
407,Ward-Prowse,Southampton,MID,3.8,https://resources.premierleague.com/premierleague/photos/players/110x140/p101178.png,23,1,1,0,8.7,False
408,A.Armstrong,Southampton,FWD,3.3,https://resources.premierleague.com/premierleague/photos/players/110x140/p155511.png,20,1,1,0,1.5,False
409,Walker-Peters,Southampton,DEF,2.5,https://resources.premierleague.com/premierleague/photos/players/110x140/p158534.png,15,1,0,0,1.4,False
411,Adams,Southampton,FWD,3.3,https://resources.premierleague.com/premierleague/photos/players/110x140/p200439.png,20,2,0,0,1.0,False
412,Tella,Southampton,MID,0.0,https://resources.premierleague.com/premierleague/photos/players/110x140/p203389.png,0,0,0,0,0.0,False
413,Lyanco,Southampton,DEF,0.5,https://resources.premierleague.com/premierleague/photos/players/110x140/p212721.png,3,0,0,0,0.0,False
414,Valery,Southampton,DEF,0.0,https://resources.premierleague.com/premierleague/photos/players/110x140/p213482.png,0,0,0,0,0.6,False
415,Smallbone,Southampton,MID,0.0,https://resources.premierleague.com/premierleague/photos/players/110x140/p214466.png,0,0,0,0,0.0,False
416,Diallo,Southampton,MID,0.5,https://resources.premierleague.com/premierleague/photos/players/110x140/p240143.png,3,0,0,0,0.6,False
417,Perraud,Southampton,DEF,1.8,https://resources.premierleague.com/premierleague/photos/players/110x140/p244560.png,11,0,1,0,0.1,False
418,Djenepo,Southampton,MID,2.2,https://resources.premierleague.com/premierleague/photos/players/110x140/p431131.png,13,0,1,0,0.1,False
419,Livramento,Southampton,DEF,0.0,https://resources.premierleague.com/premierleague/photos/players/110x140/p441191.png,0,0,0,0,0.0,False
420,Salisu,Southampton,DEF,0.8,https://resources.premierleague.com/premierleague/photos/players/110x140/p450527.png,5,0,0,0,0.2,False
421,Lis,Southampton,GKP,0.0,https://resources.premierleague.com/premierleague/photos/players/110x140/p200428.png,0,0,0,0,0.3,False
422,Bazunu,Southampton,GKP,2.2,https://resources.premierleague.com/premierleague/photos/players/110x140/p456350.png,13,0,0,0,0.7,False
423,Bella-Kotchap,Southampton,DEF,1.8,https://resources.premierleague.com/premierleague/photos/players/110x140/p477386.png,11,0,1,0,0.2,False
424,Caballero,Southampton,GKP,0.0,https://resources.premierleague.com/premierleague/photos/players/110x140/p20310.png,0,0,0,0,1.0,False
512,Aribo,Southampton,MID,2.5,https://resources.premierleague.com/premierleague/photos/players/110x140/p193204.png,15,1,0,0,0.5,False
528,Mara,Southampton,FWD,1.2,https://resources.premierleague.com/premierleague/photos/players/110x140/p476888.png,7,0,1,0,0.1,False
622,Larios,Southampton,DEF,0.0,https://resources.premierleague.com/premierleague/photos/players/110x140/p515571.png,0,0,0,0,0.0,False
623,Caleta-Car,Southampton,DEF,0.0,https://resources.premierleague.com/premierleague/photos/players/110x140/p173271.png,0,0,0,0,0.0,False
624,Edozie,Southampton,MID,1.0,https://resources.premierleague.com/premierleague/photos/players/110x140/p490503.png,1,0,0,0,0.0,False
425,Lloris,Spurs,GKP,4.2,https://resources.premierleague.com/premierleague/photos/players/110x140/p37915.png,25,0,0,2,5.1,False
426,Forster,Spurs,GKP,0.0,https://resources.premierleague.com/premierleague/photos/players/110x140/p40383.png,0,0,0,0,4.5,False
427,Kane,Spurs,FWD,6.7,https://resources.premierleague.com/premierleague/photos/players/110x140/p78830.png,40,5,1,3,16.5,True
428,Son,Spurs,MID,2.8,https://resources.premierleague.com/premierleague/photos/players/110x140/p85971.png,17,0,1,2,8.8,False
429,Doherty,Spurs,DEF,0.2,https://resources.premierleague.com/premierleague/photos/players/110x140/p87835.png,1,0,0,0,0.3,False
430,Dier,Spurs,DEF,4.3,https://resources.premierleague.com/premierleague/photos/players/110x140/p93264.png,26,1,0,2,5.6,False
431,Lucas Moura,Spurs,MID,0.3,https://resources.premierleague.com/premierleague/photos/players/110x140/p95715.png,2,0,0,0,0.2,False
432,Davies,Spurs,DEF,3.2,https://resources.premierleague.com/premierleague/photos/players/110x140/p115556.png,19,0,1,2,1.0,False
433,Højbjerg,Spurs,MID,4.7,https://resources.premierleague.com/premierleague/photos/players/110x140/p132015.png,28,2,0,2,1.8,False
434,Winks,Spurs,MID,0.0,https://resources.premierleague.com/premierleague/photos/players/110x140/p157668.png,0,0,0,0,1.3,False
435,Sánchez,Spurs,DEF,2.3,https://resources.premierleague.com/premierleague/photos/players/110x140/p173904.png,14,0,0,2,0.9,False
436,R.Sessegnon,Spurs,DEF,2.5,https://resources.premierleague.com/premierleague/photos/players/110x140/p184349.png,15,1,1,0,1.2,False
437,Bergwijn,Spurs,MID,0.0,https://resources.premierleague.com/premierleague/photos/players/110x140/p194252.png,0,0,0,0,0.0,False
438,Reguilón,Spurs,DEF,0.0,https://resources.premierleague.com/premierleague/photos/players/110x140/p199249.png,0,0,0,0,0.6,False
439,Tanganga,Spurs,DEF,0.0,https://resources.premierleague.com/premierleague/photos/players/110x140/p199584.png,0,0,0,0,3.3,False
440,Bentancur,Spurs,MID,1.7,https://resources.premierleague.com/premierleague/photos/players/110x140/p202993.png,10,0,0,2,0.3,False
441,Skipp,Spurs,MID,0.0,https://resources.premierleague.com/premierleague/photos/players/110x140/p209042.png,0,0,0,0,0.1,False
442,Rodon,Spurs,DEF,0.0,https://resources.premierleague.com/premierleague/photos/players/110x140/p214225.png,0,0,0,0,0.1,False
443,Romero,Spurs,DEF,0.7,https://resources.premierleague.com/premierleague/photos/players/110x140/p221632.png,4,0,0,0,1.2,False
444,Bissouma,Spurs,MID,0.7,https://resources.premierleague.com/premierleague/photos/players/110x140/p227127.png,4,0,0,0,0.4,False
445,Emerson Royal,Spurs,DEF,4.3,https://resources.premierleague.com/premierleague/photos/players/110x140/p241157.png,26,0,2,2,5.1,False
446,Kulusevski,Spurs,MID,4.5,https://resources.premierleague.com/premierleague/photos/players/110x140/p445044.png,27,1,2,2,12.6,False
447,Scarlett,Spurs,FWD,0.0,https://resources.premierleague.com/premierleague/photos/players/110x140/p490145.png,0,0,0,0,0.1,False
448,Perišić,Spurs,DEF,4.2,https://resources.premierleague.com/premierleague/photos/players/110x140/p45034.png,25,0,2,2,26.8,False
449,White,Spurs,MID,0.0,https://resources.premierleague.com/premierleague/photos/players/110x140/p448791.png,0,0,0,0,0.6,False
450,Sarr,Spurs,MID,0.0,https://resources.premierleague.com/premierleague/photos/players/110x140/p482442.png,0,0,0,0,0.6,False
451,Austin,Spurs,GKP,0.0,https://resources.premierleague.com/premierleague/photos/players/110x140/p214572.png,0,0,0,0,0.3,False
452,Devine,Spurs,MID,0.0,https://resources.premierleague.com/premierleague/photos/players/110x140/p496179.png,0,0,0,0,0.1,False
453,Parrott,Spurs,FWD,0.0,https://resources.premierleague.com/premierleague/photos/players/110x140/p447235.png,0,0,0,0,0.1,False
454,Richarlison,Spurs,FWD,1.8,https://resources.premierleague.com/premierleague/photos/players/110x140/p212319.png,11,0,2,0,0.7,False
513,Lenglet,Spurs,DEF,0.5,https://resources.premierleague.com/premierleague/photos/players/110x140/p171101.png,3,0,0,0,0.3,False
522,Spence,Spurs,DEF,0.2,https://resources.premierleague.com/premierleague/photos/players/110x140/p232859.png,1,0,0,0,0.3,False
554,Bryan,Spurs,MID,0.0,https://resources.premierleague.com/premierleague/photos/players/110x140/p436234.png,0,0,0,0,0.0,False
455,Fabianski,West Ham,GKP,3.0,https://resources.premierleague.com/premierleague/photos/players/110x140/p37096.png,18,0,0,1,1.0,False
456,Ogbonna,West Ham,DEF,0.3,https://resources.premierleague.com/premierleague/photos/players/110x140/p40669.png,2,0,0,0,0.1,False
457,Cresswell,West Ham,DEF,1.8,https://resources.premierleague.com/premierleague/photos/players/110x140/p55459.png,11,0,0,1,1.9,False
458,Antonio,West Ham,FWD,2.7,https://resources.premierleague.com/premierleague/photos/players/110x140/p57531.png,16,1,1,1,1.9,False
459,Dawson,West Ham,DEF,0.0,https://resources.premierleague.com/premierleague/photos/players/110x140/p60232.png,0,0,0,0,0.2,False
460,Lanzini,West Ham,MID,0.5,https://resources.premierleague.com/premierleague/photos/players/110x140/p86934.png,3,0,0,0,0.2,False
461,Zouma,West Ham,DEF,2.7,https://resources.premierleague.com/premierleague/photos/players/110x140/p103192.png,16,0,0,1,1.3,False
462,Masuaku,West Ham,DEF,0.0,https://resources.premierleague.com/premierleague/photos/players/110x140/p105717.png,0,0,0,0,0.0,False
463,Coufal,West Ham,DEF,2.2,https://resources.premierleague.com/premierleague/photos/players/110x140/p164555.png,13,0,0,1,0.7,False
464,Benrahma,West Ham,MID,1.5,https://resources.premierleague.com/premierleague/photos/players/110x140/p172841.png,9,0,0,0,1.0,False
465,Bowen,West Ham,MID,2.2,https://resources.premierleague.com/premierleague/photos/players/110x140/p178186.png,13,0,0,1,2.4,False
466,Vlasic,West Ham,MID,0.0,https://resources.premierleague.com/premierleague/photos/players/110x140/p180151.png,0,0,0,0,0.0,False
467,Rice,West Ham,MID,3.0,https://resources.premierleague.com/premierleague/photos/players/110x140/p204480.png,18,0,2,1,4.4,False
468,Soucek,West Ham,MID,3.5,https://resources.premierleague.com/premierleague/photos/players/110x140/p215439.png,21,1,0,1,1.2,False
469,Fornals,West Ham,MID,3.5,https://resources.premierleague.com/premierleague/photos/players/110x140/p217593.png,21,1,0,1,0.8,False
471,Johnson,West Ham,DEF,0.8,https://resources.premierleague.com/premierleague/photos/players/110x140/p222018.png,5,0,0,0,0.1,False
472,Aguerd,West Ham,DEF,0.0,https://resources.premierleague.com/premierleague/photos/players/110x140/p210494.png,0,0,0,0,0.0,False
473,Areola,West Ham,GKP,0.2,https://resources.premierleague.com/premierleague/photos/players/110x140/p84182.png,1,0,0,0,1.2,False
509,Downes,West Ham,MID,0.2,https://resources.premierleague.com/premierleague/photos/players/110x140/p220585.png,1,0,0,0,0.3,False
529,Scamacca,West Ham,FWD,0.8,https://resources.premierleague.com/premierleague/photos/players/110x140/p195899.png,5,0,0,1,0.4,False
545,Emerson,West Ham,DEF,0.3,https://resources.premierleague.com/premierleague/photos/players/110x140/p109533.png,2,0,0,0,1.0,False
555,Ashby,West Ham,DEF,0.0,https://resources.premierleague.com/premierleague/photos/players/110x140/p441024.png,0,0,0,0,0.3,False
556,Coventry,West Ham,MID,0.2,https://resources.premierleague.com/premierleague/photos/players/110x140/p222017.png,1,0,0,0,0.1,False
571,Randolph,West Ham,GKP,0.0,https://resources.premierleague.com/premierleague/photos/players/110x140/p32259.png,0,0,0,0,0.1,False
572,Oko-Flex,West Ham,MID,0.0,https://resources.premierleague.com/premierleague/photos/players/110x140/p248865.png,0,0,0,0,0.1,False
575,Cornet,West Ham,MID,0.6,https://resources.premierleague.com/premierleague/photos/players/110x140/p149519.png,3,0,0,0,0.1,False
588,Kehrer,West Ham,DEF,1.5,https://resources.premierleague.com/premierleague/photos/players/110x140/p201057.png,6,0,0,1,0.1,False
603,Paquetá,West Ham,MID,1.0,https://resources.premierleague.com/premierleague/photos/players/110x140/p224024.png,2,0,0,0,0.7,False
476,Jiménez,Wolves,FWD,0.8,https://resources.premierleague.com/premierleague/photos/players/110x140/p102057.png,5,0,0,1,0.5,False
477,Jonny,Wolves,DEF,3.7,https://resources.premierleague.com/premierleague/photos/players/110x140/p114128.png,22,0,0,3,0.7,False
478,Sá,Wolves,GKP,5.8,https://resources.premierleague.com/premierleague/photos/players/110x140/p149065.png,35,0,0,3,5.4,False
480,Neves,Wolves,MID,3.7,https://resources.premierleague.com/premierleague/photos/players/110x140/p171317.png,22,1,0,3,2.4,False
481,Hwang,Wolves,MID,1.5,https://resources.premierleague.com/premierleague/photos/players/110x140/p184754.png,9,0,1,0,0.2,False
482,Semedo,Wolves,DEF,0.7,https://resources.premierleague.com/premierleague/photos/players/110x140/p200402.png,4,0,0,0,0.2,False
483,Podence,Wolves,MID,4.3,https://resources.premierleague.com/premierleague/photos/players/110x140/p200600.png,26,2,0,2,1.1,False
484,Kilman,Wolves,DEF,4.5,https://resources.premierleague.com/premierleague/photos/players/110x140/p214048.png,27,0,0,3,1.4,False
485,Cundle,Wolves,MID,0.0,https://resources.premierleague.com/premierleague/photos/players/110x140/p245923.png,0,0,0,0,0.3,False
486,Neto,Wolves,MID,2.5,https://resources.premierleague.com/premierleague/photos/players/110x140/p247632.png,15,0,0,4,6.1,False
487,Aït-Nouri,Wolves,DEF,2.2,https://resources.premierleague.com/premierleague/photos/players/110x140/p448514.png,13,0,0,2,1.2,False
488,Fabio Silva,Wolves,FWD,0.0,https://resources.premierleague.com/premierleague/photos/players/110x140/p449988.png,0,0,0,0,0.0,False
489,Toti,Wolves,DEF,0.0,https://resources.premierleague.com/premierleague/photos/players/110x140/p510362.png,0,0,0,0,0.8,False
490,Chiquinho,Wolves,MID,0.0,https://resources.premierleague.com/premierleague/photos/players/110x140/p510363.png,0,0,0,0,0.0,False
491,Adama,Wolves,MID,0.7,https://resources.premierleague.com/premierleague/photos/players/110x140/p159533.png,4,0,0,0,0.2,False
492,Šarkić,Wolves,GKP,0.0,https://resources.premierleague.com/premierleague/photos/players/110x140/p216208.png,0,0,0,0,1.9,False
494,Mosquera,Wolves,DEF,0.0,https://resources.premierleague.com/premierleague/photos/players/110x140/p501837.png,0,0,0,0,0.9,False
503,Moutinho,Wolves,MID,1.3,https://resources.premierleague.com/premierleague/photos/players/110x140/p19624.png,8,0,0,2,0.6,False
516,Collins,Wolves,DEF,4.7,https://resources.premierleague.com/premierleague/photos/players/110x140/p432830.png,28,0,0,3,0.9,False
557,Smith,Wolves,GKP,0.0,https://resources.premierleague.com/premierleague/photos/players/110x140/p246799.png,0,0,0,0,0.8,False
558,Bueno,Wolves,DEF,0.0,https://resources.premierleague.com/premierleague/photos/players/110x140/p490721.png,0,0,0,0,0.7,False
566,Hodge,Wolves,MID,0.0,https://resources.premierleague.com/premierleague/photos/players/110x140/p240299.png,0,0,0,0,0.0,False
567,Ronan,Wolves,MID,0.0,https://resources.premierleague.com/premierleague/photos/players/110x140/p198842.png,0,0,0,0,0.2,False
568,Campbell,Wolves,MID,0.2,https://resources.premierleague.com/premierleague/photos/players/110x140/p461026.png,1,0,0,0,0.5,False
579,Guedes,Wolves,MID,2.6,https://resources.premierleague.com/premierleague/photos/players/110x140/p181284.png,13,0,1,2,0.5,False
589,Matheus,Wolves,MID,4.0,https://resources.premierleague.com/premierleague/photos/players/110x140/p465351.png,16,0,1,2,0.2,False
608,Kalajdžić,Wolves,FWD,1.0,https://resources.premierleague.com/premierleague/photos/players/110x140/p429414.png,1,0,0,0,0.0,False
