Player_ID,Name,Team_code,Point_per_game,ICT_index,Inv_FDR,Price,Pos_code,Score_index,Photo
1,Cédric,1,0.0,0.0,3.6666666666666665,4.2,2,24.444444444444443,https://resources.premierleague.com/premierleague/photos/players/110x140/p58822.png
3,Xhaka,1,4.3,37.5,3.6666666666666665,5.0,3,51.27777777777777,https://resources.premierleague.com/premierleague/photos/players/110x140/p84450.png
4,Elneny,1,2.0,0.8,3.6666666666666665,4.3,3,31.377777777777776,https://resources.premierleague.com/premierleague/photos/players/110x140/p153256.png
5,Holding,1,1.0,0.2,3.6666666666666665,4.3,2,27.844444444444445,https://resources.premierleague.com/premierleague/photos/players/110x140/p156074.png
6,Partey,1,2.7,11.2,3.6666666666666665,4.9,3,37.17777777777778,https://resources.premierleague.com/premierleague/photos/players/110x140/p167199.png
7,Ødegaard,1,5.7,49.4,3.6666666666666665,6.5,3,59.91111111111112,https://resources.premierleague.com/premierleague/photos/players/110x140/p184029.png
8,Tierney,1,1.4,7.8,3.6666666666666665,4.9,2,31.71111111111111,https://resources.premierleague.com/premierleague/photos/players/110x140/p192895.png
9,Pépé,1,0.0,0.0,3.6666666666666665,5.3,3,24.444444444444443,https://resources.premierleague.com/premierleague/photos/players/110x140/p195735.png
10,White,1,3.8,12.9,3.6666666666666665,4.5,2,41.411111111111104,https://resources.premierleague.com/premierleague/photos/players/110x140/p198869.png
11,Nketiah,1,1.0,14.2,3.6666666666666665,6.6,4,32.51111111111111,https://resources.premierleague.com/premierleague/photos/players/110x140/p205533.png
12,Smith Rowe,1,1.0,6.8,3.6666666666666665,5.7,3,30.04444444444444,https://resources.premierleague.com/premierleague/photos/players/110x140/p209289.png
13,Saka,1,4.7,49.5,3.6666666666666665,7.8,3,56.61111111111111,https://resources.premierleague.com/premierleague/photos/players/110x140/p223340.png
14,Tomiyasu,1,0.8,3.2,3.6666666666666665,4.2,2,28.177777777777777,https://resources.premierleague.com/premierleague/photos/players/110x140/p223723.png
15,Ramsdale,1,3.2,10.0,3.6666666666666665,4.9,1,38.44444444444444,https://resources.premierleague.com/premierleague/photos/players/110x140/p225321.png
16,Gabriel,1,4.5,28.0,3.6666666666666665,5.1,2,48.77777777777777,https://resources.premierleague.com/premierleague/photos/players/110x140/p226597.png
17,Tavares,1,0.0,0.0,3.6666666666666665,4.5,2,24.444444444444443,https://resources.premierleague.com/premierleague/photos/players/110x140/p437626.png
18,Sambi,1,1.5,3.7,3.6666666666666665,4.4,3,30.677777777777777,https://resources.premierleague.com/premierleague/photos/players/110x140/p437742.png
19,Martinelli,1,6.0,66.7,3.6666666666666665,6.5,3,66.67777777777778,https://resources.premierleague.com/premierleague/photos/players/110x140/p444145.png
20,Pablo Marí,1,0.0,0.0,3.6666666666666665,4.5,2,24.444444444444443,https://resources.premierleague.com/premierleague/photos/players/110x140/p92371.png
22,Torreira,1,0.0,0.0,3.6666666666666665,4.5,3,24.444444444444443,https://resources.premierleague.com/premierleague/photos/players/110x140/p198849.png
23,Nelson,1,0.0,0.0,3.6666666666666665,4.9,3,24.444444444444443,https://resources.premierleague.com/premierleague/photos/players/110x140/p200641.png
24,Turner,1,0.0,0.0,3.6666666666666665,3.9,1,24.444444444444443,https://resources.premierleague.com/premierleague/photos/players/110x140/p224068.png
25,Fábio Vieira,1,1.0,1.6,3.6666666666666665,5.7,3,28.311111111111106,https://resources.premierleague.com/premierleague/photos/players/110x140/p438098.png
26,Saliba,1,4.8,18.0,3.6666666666666665,4.8,2,46.444444444444436,https://resources.premierleague.com/premierleague/photos/players/110x140/p462424.png
27,Marquinhos,1,0.0,0.0,3.6666666666666665,4.8,3,24.444444444444443,https://resources.premierleague.com/premierleague/photos/players/110x140/p479683.png
28,Jesus,1,5.5,73.4,3.6666666666666665,8.1,4,67.24444444444445,https://resources.premierleague.com/premierleague/photos/players/110x140/p205651.png
313,Zinchenko,1,5.0,14.4,3.6666666666666665,5.1,2,45.91111111111112,https://resources.premierleague.com/premierleague/photos/players/110x140/p206325.png
607,Smith,1,0.0,0.0,3.6666666666666665,4.5,3,24.444444444444443,https://resources.premierleague.com/premierleague/photos/players/110x140/p232241.png
29,Coutinho,2,1.3,15.2,3.3333333333333335,6.7,3,31.622222222222224,https://resources.premierleague.com/premierleague/photos/players/110x140/p84583.png
30,Ings,2,2.2,16.2,3.3333333333333335,6.8,4,34.955555555555556,https://resources.premierleague.com/premierleague/photos/players/110x140/p84939.png
31,Martínez,2,3.7,18.7,3.3333333333333335,4.9,1,40.78888888888889,https://resources.premierleague.com/premierleague/photos/players/110x140/p98980.png
32,Chambers,2,1.5,3.1,3.3333333333333335,4.4,2,28.25555555555556,https://resources.premierleague.com/premierleague/photos/players/110x140/p101184.png
33,Digne,2,0.8,24.7,3.3333333333333335,4.7,2,33.12222222222223,https://resources.premierleague.com/premierleague/photos/players/110x140/p101188.png
34,Traoré,2,0.0,0.0,3.3333333333333335,4.9,3,22.222222222222225,https://resources.premierleague.com/premierleague/photos/players/110x140/p110504.png
35,Olsen,2,0.0,0.0,3.3333333333333335,4.0,1,22.222222222222225,https://resources.premierleague.com/premierleague/photos/players/110x140/p111782.png
36,Sanson,2,0.0,0.0,3.3333333333333335,4.4,3,22.222222222222225,https://resources.premierleague.com/premierleague/photos/players/110x140/p122775.png
37,McGinn,2,1.7,14.2,3.3333333333333335,5.3,3,32.62222222222223,https://resources.premierleague.com/premierleague/photos/players/110x140/p122806.png
38,Hause,2,0.0,0.0,3.3333333333333335,4.4,2,22.222222222222225,https://resources.premierleague.com/premierleague/photos/players/110x140/p123354.png
39,Mings,2,1.5,8.2,3.3333333333333335,4.3,2,29.95555555555556,https://resources.premierleague.com/premierleague/photos/players/110x140/p149484.png
40,Watkins,2,4.0,26.4,3.3333333333333335,7.3,4,44.355555555555554,https://resources.premierleague.com/premierleague/photos/players/110x140/p178301.png
41,Nakamba,2,0.0,0.0,3.3333333333333335,4.4,3,22.222222222222225,https://resources.premierleague.com/premierleague/photos/players/110x140/p184704.png
42,Buendía,2,2.5,23.9,3.3333333333333335,5.9,3,38.52222222222222,https://resources.premierleague.com/premierleague/photos/players/110x140/p195546.png
43,Cash,2,1.0,15.8,3.3333333333333335,4.7,2,30.822222222222223,https://resources.premierleague.com/premierleague/photos/players/110x140/p199796.png
44,Konsa,2,1.2,8.3,3.3333333333333335,4.4,2,28.98888888888889,https://resources.premierleague.com/premierleague/photos/players/110x140/p199798.png
45,Bailey,2,3.2,22.4,3.3333333333333335,4.7,3,40.355555555555554,https://resources.premierleague.com/premierleague/photos/players/110x140/p215711.png
46,Douglas Luiz,2,2.6,11.3,3.3333333333333335,4.8,3,34.65555555555556,https://resources.premierleague.com/premierleague/photos/players/110x140/p230046.png
47,Ramsey,2,1.8,21.7,3.3333333333333335,5.2,3,35.455555555555556,https://resources.premierleague.com/premierleague/photos/players/110x140/p232653.png
49,Iroegbunam,2,0.0,0.0,3.3333333333333335,4.5,3,22.222222222222225,https://resources.premierleague.com/premierleague/photos/players/110x140/p490094.png
50,Diego Carlos,2,1.5,5.8,3.3333333333333335,4.8,2,29.155555555555555,https://resources.premierleague.com/premierleague/photos/players/110x140/p165659.png
51,El Ghazi,2,0.0,0.0,3.3333333333333335,4.8,3,22.222222222222225,https://resources.premierleague.com/premierleague/photos/players/110x140/p193488.png
52,Davis,2,0.0,0.0,3.3333333333333335,5.4,4,22.222222222222225,https://resources.premierleague.com/premierleague/photos/players/110x140/p221239.png
53,Kamara,2,1.8,12.5,3.3333333333333335,4.9,3,32.38888888888889,https://resources.premierleague.com/premierleague/photos/players/110x140/p226944.png
54,Archer,2,1.0,0.3,3.3333333333333335,4.4,4,25.655555555555555,https://resources.premierleague.com/premierleague/photos/players/110x140/p433979.png
55,Philogene-Bidace,2,0.0,0.0,3.3333333333333335,4.5,3,22.222222222222225,https://resources.premierleague.com/premierleague/photos/players/110x140/p481624.png
56,Guilbert,2,0.0,0.0,3.3333333333333335,4.0,2,22.222222222222225,https://resources.premierleague.com/premierleague/photos/players/110x140/p203368.png
410,Bednarek,2,0.5,6.8,3.3333333333333335,4.3,2,26.155555555555555,https://resources.premierleague.com/premierleague/photos/players/110x140/p171771.png
479,Dendoncker,2,1.8,10.9,3.3333333333333335,4.9,3,31.855555555555554,https://resources.premierleague.com/premierleague/photos/players/110x140/p151589.png
525,Augustinsson,2,0.0,0.0,3.3333333333333335,4.4,2,22.222222222222225,https://resources.premierleague.com/premierleague/photos/players/110x140/p155561.png
537,Kesler Hayden,2,0.0,0.0,3.3333333333333335,4.0,2,22.222222222222225,https://resources.premierleague.com/premierleague/photos/players/110x140/p537043.png
538,Young,2,1.0,1.6,3.3333333333333335,4.4,2,26.08888888888889,https://resources.premierleague.com/premierleague/photos/players/110x140/p18892.png
57,Smith,3,1.5,13.8,3.6666666666666665,4.4,2,34.044444444444444,https://resources.premierleague.com/premierleague/photos/players/110x140/p54469.png
58,Stanislas,3,1.0,0.0,3.6666666666666665,4.8,3,27.777777777777775,https://resources.premierleague.com/premierleague/photos/players/110x140/p56872.png
59,Fredericks,3,1.0,1.1,3.6666666666666665,4.4,2,28.144444444444442,https://resources.premierleague.com/premierleague/photos/players/110x140/p81012.png
60,Brooks,3,0.0,0.0,3.6666666666666665,5.3,3,24.444444444444443,https://resources.premierleague.com/premierleague/photos/players/110x140/p111317.png
61,Lowe,3,1.0,0.0,3.6666666666666665,5.3,3,27.777777777777775,https://resources.premierleague.com/premierleague/photos/players/110x140/p128309.png
62,Moore,3,2.3,14.5,3.6666666666666665,5.5,4,36.94444444444444,https://resources.premierleague.com/premierleague/photos/players/110x140/p128340.png
63,Marcondes,3,1.0,0.1,3.6666666666666665,4.8,3,27.811111111111106,https://resources.premierleague.com/premierleague/photos/players/110x140/p133845.png
64,Lerma,3,3.2,13.0,3.6666666666666665,5.0,3,39.44444444444444,https://resources.premierleague.com/premierleague/photos/players/110x140/p152551.png
65,Stacey,3,0.0,1.1,3.6666666666666665,4.3,2,24.811111111111106,https://resources.premierleague.com/premierleague/photos/players/110x140/p154131.png
66,Solanke,3,4.2,20.1,3.6666666666666665,5.7,4,45.144444444444446,https://resources.premierleague.com/premierleague/photos/players/110x140/p154566.png
67,Cook,3,2.5,10.9,3.6666666666666665,4.9,3,36.411111111111104,https://resources.premierleague.com/premierleague/photos/players/110x140/p155408.png
68,Pearson,3,1.5,2.4,3.6666666666666665,4.5,3,30.24444444444444,https://resources.premierleague.com/premierleague/photos/players/110x140/p156687.png
69,Christie,3,1.7,9.8,3.6666666666666665,5.4,3,33.37777777777777,https://resources.premierleague.com/premierleague/photos/players/110x140/p158499.png
70,Billing,3,2.7,15.3,3.6666666666666665,5.3,3,38.544444444444444,https://resources.premierleague.com/premierleague/photos/players/110x140/p168991.png
71,Mepham,3,2.0,13.9,3.6666666666666665,4.4,2,35.74444444444444,https://resources.premierleague.com/premierleague/photos/players/110x140/p223911.png
72,Travers,3,2.0,10.4,3.6666666666666665,4.5,1,34.577777777777776,https://resources.premierleague.com/premierleague/photos/players/110x140/p229600.png
73,Kelly,3,4.6,18.1,3.6666666666666665,4.5,2,45.81111111111111,https://resources.premierleague.com/premierleague/photos/players/110x140/p235530.png
74,Dembélé,3,0.0,0.0,3.6666666666666665,4.8,3,24.444444444444443,https://resources.premierleague.com/premierleague/photos/players/110x140/p244085.png
75,Anthony,3,2.8,8.9,3.6666666666666665,5.3,3,36.74444444444444,https://resources.premierleague.com/premierleague/photos/players/110x140/p444180.png
76,Zemura,3,2.0,10.5,3.6666666666666665,4.4,2,34.61111111111111,https://resources.premierleague.com/premierleague/photos/players/110x140/p447932.png
77,Dennis,3,0.0,0.0,3.6666666666666665,4.0,1,24.444444444444443,https://resources.premierleague.com/premierleague/photos/players/110x140/p444172.png
404,Stephens,3,0.5,1.7,3.6666666666666665,4.4,2,26.677777777777777,https://resources.premierleague.com/premierleague/photos/players/110x140/p88900.png
505,Rothwell,3,0.0,0.0,3.6666666666666665,4.9,3,24.444444444444443,https://resources.premierleague.com/premierleague/photos/players/110x140/p156685.png
535,Tavernier,3,2.3,25.9,3.6666666666666665,4.9,3,40.74444444444444,https://resources.premierleague.com/premierleague/photos/players/110x140/p201658.png
539,Hill,3,0.0,0.0,3.6666666666666665,4.4,2,24.444444444444443,https://resources.premierleague.com/premierleague/photos/players/110x140/p463981.png
574,Neto,3,3.0,2.8,3.6666666666666665,4.5,1,35.37777777777777,https://resources.premierleague.com/premierleague/photos/players/110x140/p69752.png
576,Senesi,3,-0.3,3.0,3.6666666666666665,4.5,2,24.444444444444443,https://resources.premierleague.com/premierleague/photos/players/110x140/p221466.png
597,Saydee,3,0.0,0.0,3.6666666666666665,4.5,4,24.444444444444443,https://resources.premierleague.com/premierleague/photos/players/110x140/p461017.png
598,Bevan,3,1.0,0.0,3.6666666666666665,4.0,2,27.777777777777775,https://resources.premierleague.com/premierleague/photos/players/110x140/p518906.png
78,Jansson,4,2.2,7.9,3.6666666666666665,4.4,2,34.411111111111104,https://resources.premierleague.com/premierleague/photos/players/110x140/p61810.png
79,Nørgaard,4,3.8,17.8,3.6666666666666665,5.5,3,43.044444444444444,https://resources.premierleague.com/premierleague/photos/players/110x140/p128295.png
80,Toney,4,7.5,51.8,3.6666666666666665,7.2,4,66.71111111111111,https://resources.premierleague.com/premierleague/photos/players/110x140/p144485.png
81,Raya,4,3.8,19.5,3.6666666666666665,4.5,1,43.61111111111111,https://resources.premierleague.com/premierleague/photos/players/110x140/p154561.png
82,Canós,4,0.0,0.0,3.6666666666666665,5.0,2,24.444444444444443,https://resources.premierleague.com/premierleague/photos/players/110x140/p174932.png
83,Dasilva,4,3.2,19.1,3.6666666666666665,4.6,3,41.47777777777778,https://resources.premierleague.com/premierleague/photos/players/110x140/p183656.png
84,Ajer,4,0.0,0.0,3.6666666666666665,4.5,2,24.444444444444443,https://resources.premierleague.com/premierleague/photos/players/110x140/p191866.png
85,Henry,4,2.7,20.6,3.6666666666666665,4.5,2,40.31111111111111,https://resources.premierleague.com/premierleague/photos/players/110x140/p194010.png
86,Janelt,4,3.3,25.4,3.6666666666666665,5.5,3,43.911111111111104,https://resources.premierleague.com/premierleague/photos/players/110x140/p204580.png
87,Ghoddos,4,1.0,0.2,3.6666666666666665,4.9,3,27.844444444444445,https://resources.premierleague.com/premierleague/photos/players/110x140/p205836.png
88,Jensen,4,4.2,30.2,3.6666666666666665,5.1,3,48.51111111111111,https://resources.premierleague.com/premierleague/photos/players/110x140/p207283.png
89,Wissa,4,3.7,19.5,3.6666666666666665,5.4,3,43.27777777777777,https://resources.premierleague.com/premierleague/photos/players/110x140/p216646.png
90,Roerslev,4,6.0,2.1,3.6666666666666665,4.4,2,45.144444444444446,https://resources.premierleague.com/premierleague/photos/players/110x140/p226956.png
91,Bech,4,1.0,0.2,3.6666666666666665,4.5,2,27.844444444444445,https://resources.premierleague.com/premierleague/photos/players/110x140/p228044.png
92,Pinnock,4,0.0,0.0,3.6666666666666665,4.4,2,24.444444444444443,https://resources.premierleague.com/premierleague/photos/players/110x140/p231065.png
93,Onyeka,4,1.0,2.6,3.6666666666666665,4.9,3,28.644444444444442,https://resources.premierleague.com/premierleague/photos/players/110x140/p428580.png
94,Baptiste,4,1.7,6.3,3.6666666666666665,4.5,3,32.21111111111111,https://resources.premierleague.com/premierleague/photos/players/110x140/p432160.png
95,Mbeumo,4,3.7,36.8,3.6666666666666665,6.0,4,49.044444444444444,https://resources.premierleague.com/premierleague/photos/players/110x140/p446008.png
96,Goode,4,0.0,0.0,3.6666666666666665,4.0,2,24.444444444444443,https://resources.premierleague.com/premierleague/photos/players/110x140/p213687.png
97,Forss,4,0.0,0.0,3.6666666666666665,4.5,4,24.444444444444443,https://resources.premierleague.com/premierleague/photos/players/110x140/p216620.png
98,Thompson,4,0.0,0.0,3.6666666666666665,4.0,2,24.444444444444443,https://resources.premierleague.com/premierleague/photos/players/110x140/p232247.png
99,Bidstrup,4,0.0,0.0,3.6666666666666665,4.5,3,24.444444444444443,https://resources.premierleague.com/premierleague/photos/players/110x140/p481405.png
100,Balcombe,4,0.0,0.0,3.6666666666666665,4.0,1,24.444444444444443,https://resources.premierleague.com/premierleague/photos/players/110x140/p235448.png
510,Hickey,4,1.5,12.9,3.6666666666666665,5.0,2,33.74444444444444,https://resources.premierleague.com/premierleague/photos/players/110x140/p472713.png
515,Lewis-Potter,4,1.8,18.6,3.6666666666666665,5.3,3,36.644444444444446,https://resources.premierleague.com/premierleague/photos/players/110x140/p249231.png
517,Strakosha,4,0.0,0.0,3.6666666666666665,4.4,1,24.444444444444443,https://resources.premierleague.com/premierleague/photos/players/110x140/p140200.png
526,Mee,4,3.2,17.8,3.6666666666666665,4.5,2,41.044444444444444,https://resources.premierleague.com/premierleague/photos/players/110x140/p51927.png
540,Stevens,4,0.0,0.0,3.6666666666666665,4.0,2,24.444444444444443,https://resources.premierleague.com/premierleague/photos/players/110x140/p450550.png
541,Dervişoğlu,4,4.0,1.0,3.6666666666666665,4.5,4,38.11111111111111,https://resources.premierleague.com/premierleague/photos/players/110x140/p434662.png
580,Damsgaard,4,0.7,3.8,3.6666666666666665,5.4,3,28.04444444444444,https://resources.premierleague.com/premierleague/photos/players/110x140/p440089.png
595,Zanka,4,1.7,6.7,3.6666666666666665,4.0,2,32.34444444444444,https://resources.premierleague.com/premierleague/photos/players/110x140/p48760.png
101,Lallana,5,2.7,12.6,3.0,4.9,3,33.199999999999996,https://resources.premierleague.com/premierleague/photos/players/110x140/p39155.png
102,Steele,5,0.0,0.0,3.0,4.0,1,20.0,https://resources.premierleague.com/premierleague/photos/players/110x140/p49262.png
103,Welbeck,5,3.7,34.5,3.0,6.5,4,43.833333333333336,https://resources.premierleague.com/premierleague/photos/players/110x140/p50175.png
104,Groß,5,7.0,57.6,3.0,6.0,3,62.53333333333333,https://resources.premierleague.com/premierleague/photos/players/110x140/p60307.png
106,Dunk,5,3.7,12.7,3.0,4.6,2,36.56666666666667,https://resources.premierleague.com/premierleague/photos/players/110x140/p83299.png
107,March,5,3.3,35.3,3.0,5.0,3,42.76666666666667,https://resources.premierleague.com/premierleague/photos/players/110x140/p109345.png
108,Webster,5,3.5,14.1,3.0,4.5,2,36.36666666666667,https://resources.premierleague.com/premierleague/photos/players/110x140/p110735.png
109,Veltman,5,4.3,13.4,3.0,4.6,2,38.800000000000004,https://resources.premierleague.com/premierleague/photos/players/110x140/p111478.png
111,Trossard,5,5.3,50.7,3.0,6.5,3,54.56666666666666,https://resources.premierleague.com/premierleague/photos/players/110x140/p116216.png
113,Sánchez,5,4.7,12.3,3.0,4.7,1,39.766666666666666,https://resources.premierleague.com/premierleague/photos/players/110x140/p215059.png
114,Lamptey,5,1.0,3.6,3.0,4.3,2,24.53333333333333,https://resources.premierleague.com/premierleague/photos/players/110x140/p232792.png
115,Alzate,5,0.0,0.0,3.0,4.4,3,20.0,https://resources.premierleague.com/premierleague/photos/players/110x140/p235382.png
116,Mac Allister,5,6.5,30.9,3.0,5.6,3,51.96666666666667,https://resources.premierleague.com/premierleague/photos/players/110x140/p243016.png
117,Moder,5,0.0,0.0,3.0,4.4,3,20.0,https://resources.premierleague.com/premierleague/photos/players/110x140/p243505.png
118,Mwepu,5,1.8,12.2,3.0,5.3,3,30.066666666666666,https://resources.premierleague.com/premierleague/photos/players/110x140/p423649.png
119,Sarmiento,5,0.0,0.0,3.0,4.5,3,20.0,https://resources.premierleague.com/premierleague/photos/players/110x140/p441192.png
120,Caicedo,5,3.3,24.0,3.0,5.0,3,39.0,https://resources.premierleague.com/premierleague/photos/players/110x140/p486672.png
121,Richards,5,0.0,0.0,3.0,4.5,3,20.0,https://resources.premierleague.com/premierleague/photos/players/110x140/p209045.png
122,Roberts,5,0.0,0.0,3.0,4.0,2,20.0,https://resources.premierleague.com/premierleague/photos/players/110x140/p433589.png
123,Undav,5,1.0,2.1,3.0,5.2,4,24.03333333333333,https://resources.premierleague.com/premierleague/photos/players/110x140/p450434.png
124,Mitoma,5,1.0,5.0,3.0,4.9,3,25.0,https://resources.premierleague.com/premierleague/photos/players/110x140/p451340.png
125,Enciso,5,0.0,0.0,3.0,4.8,4,20.0,https://resources.premierleague.com/premierleague/photos/players/110x140/p474120.png
126,Kozłowski,5,0.0,0.0,3.0,4.5,3,20.0,https://resources.premierleague.com/premierleague/photos/players/110x140/p484658.png
149,Gilmour,5,1.0,0.1,3.0,4.4,3,23.366666666666664,https://resources.premierleague.com/premierleague/photos/players/110x140/p243568.png
542,Scherpen,5,0.0,0.0,3.0,4.0,1,20.0,https://resources.premierleague.com/premierleague/photos/players/110x140/p240514.png
543,Clarke,5,0.0,0.0,3.0,4.0,2,20.0,https://resources.premierleague.com/premierleague/photos/players/110x140/p178173.png
544,Van Hecke,5,1.0,0.0,3.0,4.0,2,23.333333333333332,https://resources.premierleague.com/premierleague/photos/players/110x140/p469142.png
559,Colwill,5,1.0,0.5,3.0,4.5,2,23.5,https://resources.premierleague.com/premierleague/photos/players/110x140/p460028.png
586,Estupiñán,5,3.0,11.5,3.0,4.5,2,33.833333333333336,https://resources.premierleague.com/premierleague/photos/players/110x140/p204214.png
596,Ferguson,5,0.0,0.0,3.0,4.5,4,20.0,https://resources.premierleague.com/premierleague/photos/players/110x140/p487117.png
48,Chukwuemeka,6,0.0,0.0,3.0,4.4,3,20.0,https://resources.premierleague.com/premierleague/photos/players/110x140/p478912.png
112,Cucurella,6,2.0,24.5,3.0,5.2,2,34.833333333333336,https://resources.premierleague.com/premierleague/photos/players/110x140/p179268.png
127,Azpilicueta,6,2.2,9.4,3.0,4.9,2,30.46666666666667,https://resources.premierleague.com/premierleague/photos/players/110x140/p41328.png
128,Thiago Silva,6,3.2,23.9,3.0,5.5,2,38.63333333333333,https://resources.premierleague.com/premierleague/photos/players/110x140/p51090.png
129,Alonso,6,0.0,0.0,3.0,5.3,2,20.0,https://resources.premierleague.com/premierleague/photos/players/110x140/p82263.png
130,Jorginho,6,3.3,16.0,3.0,6.0,3,36.333333333333336,https://resources.premierleague.com/premierleague/photos/players/110x140/p85955.png
131,Barkley,6,0.0,0.0,3.0,4.9,3,20.0,https://resources.premierleague.com/premierleague/photos/players/110x140/p88894.png
132,Kovacic,6,1.3,6.2,3.0,4.9,3,26.400000000000002,https://resources.premierleague.com/premierleague/photos/players/110x140/p91651.png
133,Arrizabalaga,6,0.0,0.0,3.0,4.4,1,20.0,https://resources.premierleague.com/premierleague/photos/players/110x140/p109745.png
134,Kanté,6,2.5,10.8,3.0,4.8,3,31.933333333333334,https://resources.premierleague.com/premierleague/photos/players/110x140/p116594.png
135,Ziyech,6,1.5,7.6,3.0,5.7,3,27.53333333333333,https://resources.premierleague.com/premierleague/photos/players/110x140/p124183.png
136,Loftus-Cheek,6,1.5,22.9,3.0,5.0,3,32.63333333333333,https://resources.premierleague.com/premierleague/photos/players/110x140/p126187.png
137,Werner,6,0.0,0.0,3.0,7.9,4,20.0,https://resources.premierleague.com/premierleague/photos/players/110x140/p165153.png
138,Kenedy,6,0.0,0.0,3.0,3.9,2,20.0,https://resources.premierleague.com/premierleague/photos/players/110x140/p167767.png
139,Chilwell,6,4.4,12.6,3.0,5.8,2,38.86666666666667,https://resources.premierleague.com/premierleague/photos/players/110x140/p172850.png
140,Pulisic,6,0.8,6.8,3.0,5.8,3,24.933333333333334,https://resources.premierleague.com/premierleague/photos/players/110x140/p176413.png
141,Chalobah,6,2.0,1.6,3.0,4.7,2,27.2,https://resources.premierleague.com/premierleague/photos/players/110x140/p180736.png
142,Mount,6,2.3,36.1,3.0,7.7,3,39.699999999999996,https://resources.premierleague.com/premierleague/photos/players/110x140/p184341.png
143,Sarr,6,0.0,0.0,3.0,5.0,2,20.0,https://resources.premierleague.com/premierleague/photos/players/110x140/p204727.png
144,Hudson-Odoi,6,0.0,0.0,3.0,5.3,3,20.0,https://resources.premierleague.com/premierleague/photos/players/110x140/p209046.png
145,Havertz,6,2.3,24.9,3.0,7.7,4,35.96666666666667,https://resources.premierleague.com/premierleague/photos/players/110x140/p219847.png
146,James,6,4.6,33.1,3.0,6.0,2,46.36666666666667,https://resources.premierleague.com/premierleague/photos/players/110x140/p225796.png
147,Mendy,6,2.8,14.4,3.0,5.0,1,34.13333333333333,https://resources.premierleague.com/premierleague/photos/players/110x140/p228286.png
148,Gallagher,6,0.6,10.4,3.0,5.7,3,25.46666666666667,https://resources.premierleague.com/premierleague/photos/players/110x140/p232787.png
150,Broja,6,1.0,7.7,3.0,5.4,4,25.900000000000002,https://resources.premierleague.com/premierleague/photos/players/110x140/p440323.png
151,Ampadu,6,0.0,0.0,3.0,4.4,2,20.0,https://resources.premierleague.com/premierleague/photos/players/110x140/p199598.png
272,Fofana,6,0.7,9.3,3.0,4.4,2,25.433333333333334,https://resources.premierleague.com/premierleague/photos/players/110x140/p444463.png
304,Sterling,6,5.7,47.2,3.0,10.0,3,54.73333333333333,https://resources.premierleague.com/premierleague/photos/players/110x140/p103955.png
520,Koulibaly,6,2.8,21.0,3.0,5.5,2,36.333333333333336,https://resources.premierleague.com/premierleague/photos/players/110x140/p86129.png
606,Vale,6,0.0,0.0,3.0,4.5,3,20.0,https://resources.premierleague.com/premierleague/photos/players/110x140/p491785.png
616,Zakaria,6,0.0,0.0,3.0,5.0,3,20.0,https://resources.premierleague.com/premierleague/photos/players/110x140/p212701.png
617,Aubameyang,6,0.0,0.0,3.0,9.0,4,20.0,https://resources.premierleague.com/premierleague/photos/players/110x140/p54694.png
152,Guaita,7,2.5,14.1,3.0,4.5,1,33.03333333333333,https://resources.premierleague.com/premierleague/photos/players/110x140/p40836.png
153,Tomkins,7,0.0,0.0,3.0,3.9,2,20.0,https://resources.premierleague.com/premierleague/photos/players/110x140/p49413.png
154,McArthur,7,0.0,0.0,3.0,4.8,3,20.0,https://resources.premierleague.com/premierleague/photos/players/110x140/p50471.png
155,Benteke,7,0.0,0.0,3.0,5.5,4,20.0,https://resources.premierleague.com/premierleague/photos/players/110x140/p54861.png
156,Ward,7,2.0,10.7,3.0,4.5,2,30.233333333333334,https://resources.premierleague.com/premierleague/photos/players/110x140/p55494.png
157,Clyne,7,1.2,8.5,3.0,4.5,2,26.833333333333332,https://resources.premierleague.com/premierleague/photos/players/110x140/p57328.png
158,Milivojevic,7,1.0,0.7,3.0,4.4,3,23.566666666666666,https://resources.premierleague.com/premierleague/photos/players/110x140/p66975.png
159,Ayew,7,2.0,21.1,3.0,5.4,3,33.699999999999996,https://resources.premierleague.com/premierleague/photos/players/110x140/p80146.png
160,Zaha,7,6.2,50.0,3.0,7.2,3,57.333333333333336,https://resources.premierleague.com/premierleague/photos/players/110x140/p82403.png
161,Schlupp,7,2.2,16.4,3.0,4.9,3,32.800000000000004,https://resources.premierleague.com/premierleague/photos/players/110x140/p86417.png
162,Butland,7,0.0,0.0,3.0,4.4,1,20.0,https://resources.premierleague.com/premierleague/photos/players/110x140/p105666.png
163,Hughes,7,1.0,5.4,3.0,4.9,3,25.133333333333336,https://resources.premierleague.com/premierleague/photos/players/110x140/p108413.png
164,Riedewald,7,0.0,0.0,3.0,4.4,3,20.0,https://resources.premierleague.com/premierleague/photos/players/110x140/p173954.png
165,Andersen,7,3.2,30.6,3.0,4.5,2,40.86666666666667,https://resources.premierleague.com/premierleague/photos/players/110x140/p174874.png
166,Edouard,7,1.7,22.6,3.0,5.3,4,33.199999999999996,https://resources.premierleague.com/premierleague/photos/players/110x140/p199670.png
167,Guéhi,7,1.7,18.6,3.0,4.4,2,31.866666666666664,https://resources.premierleague.com/premierleague/photos/players/110x140/p209036.png
168,Mateta,7,1.8,20.2,3.0,5.3,4,32.733333333333334,https://resources.premierleague.com/premierleague/photos/players/110x140/p231747.png
169,Eze,7,3.7,29.3,3.0,5.5,3,42.1,https://resources.premierleague.com/premierleague/photos/players/110x140/p232413.png
170,Mitchell,7,2.8,11.5,3.0,4.5,2,33.166666666666664,https://resources.premierleague.com/premierleague/photos/players/110x140/p244723.png
171,Olise,7,1.4,9.4,3.0,5.5,3,27.8,https://resources.premierleague.com/premierleague/photos/players/110x140/p443661.png
172,Rak-Sakyi,7,0.0,0.0,3.0,4.5,3,20.0,https://resources.premierleague.com/premierleague/photos/players/110x140/p450542.png
173,Ebiowei,7,1.0,0.2,3.0,4.4,3,23.400000000000002,https://resources.premierleague.com/premierleague/photos/players/110x140/p450535.png
174,Ferguson,7,0.0,0.0,3.0,3.9,2,20.0,https://resources.premierleague.com/premierleague/photos/players/110x140/p232423.png
175,Johnstone,7,0.0,0.0,3.0,4.4,1,20.0,https://resources.premierleague.com/premierleague/photos/players/110x140/p101982.png
495,Matthews,7,0.0,0.0,3.0,4.0,1,20.0,https://resources.premierleague.com/premierleague/photos/players/110x140/p169593.png
496,Plange,7,0.0,0.0,3.0,4.5,4,20.0,https://resources.premierleague.com/premierleague/photos/players/110x140/p450541.png
514,C.Doucouré,7,2.8,22.4,3.0,5.0,3,36.800000000000004,https://resources.premierleague.com/premierleague/photos/players/110x140/p438464.png
530,Richards,7,0.7,3.4,3.0,4.4,2,23.46666666666667,https://resources.premierleague.com/premierleague/photos/players/110x140/p427623.png
590,Whitworth,7,0.0,0.0,3.0,4.0,1,20.0,https://resources.premierleague.com/premierleague/photos/players/110x140/p487818.png
601,Rodney,7,0.0,0.0,3.0,4.5,3,20.0,https://resources.premierleague.com/premierleague/photos/players/110x140/p530318.png
604,Phillips,7,0.0,0.0,3.0,4.5,3,20.0,https://resources.premierleague.com/premierleague/photos/players/110x140/p532135.png
110,Maupay,8,2.0,10.3,3.0,6.2,4,30.099999999999998,https://resources.premierleague.com/premierleague/photos/players/110x140/p115382.png
176,Begović,8,0.0,0.0,3.0,4.0,1,20.0,https://resources.premierleague.com/premierleague/photos/players/110x140/p40349.png
177,Rondón,8,1.0,6.4,3.0,5.0,4,25.46666666666667,https://resources.premierleague.com/premierleague/photos/players/110x140/p57134.png
178,Coleman,8,0.0,0.0,3.0,4.5,2,20.0,https://resources.premierleague.com/premierleague/photos/players/110x140/p59949.png
179,Townsend,8,0.0,0.0,3.0,5.5,3,20.0,https://resources.premierleague.com/premierleague/photos/players/110x140/p60252.png
180,Keane,8,1.0,0.7,3.0,4.3,2,23.566666666666666,https://resources.premierleague.com/premierleague/photos/players/110x140/p106611.png
181,Dele,8,1.0,0.9,3.0,5.3,3,23.633333333333336,https://resources.premierleague.com/premierleague/photos/players/110x140/p108823.png
182,Pickford,8,4.2,23.6,3.0,4.5,1,41.86666666666667,https://resources.premierleague.com/premierleague/photos/players/110x140/p111234.png
183,Allan,8,0.0,0.0,3.0,4.8,3,20.0,https://resources.premierleague.com/premierleague/photos/players/110x140/p119765.png
184,André Gomes,8,0.0,0.0,3.0,4.5,3,20.0,https://resources.premierleague.com/premierleague/photos/players/110x140/p120250.png
185,A.Doucouré,8,1.5,4.2,3.0,5.3,3,26.400000000000002,https://resources.premierleague.com/premierleague/photos/players/110x140/p121599.png
186,Iwobi,8,2.5,27.5,3.0,5.5,3,37.5,https://resources.premierleague.com/premierleague/photos/players/110x140/p153133.png
187,Gbamin,8,0.0,0.0,3.0,4.5,3,20.0,https://resources.premierleague.com/premierleague/photos/players/110x140/p160987.png
188,Mina,8,1.0,1.2,3.0,4.3,2,23.733333333333334,https://resources.premierleague.com/premierleague/photos/players/110x140/p164511.png
189,Gray,8,3.3,41.0,3.0,5.5,3,44.666666666666664,https://resources.premierleague.com/premierleague/photos/players/110x140/p172632.png
190,Davies,8,1.2,7.0,3.0,4.9,3,26.333333333333332,https://resources.premierleague.com/premierleague/photos/players/110x140/p173807.png
191,Calvert-Lewin,8,0.0,0.0,3.0,7.9,4,20.0,https://resources.premierleague.com/premierleague/photos/players/110x140/p177815.png
192,Holgate,8,3.0,15.6,3.0,4.4,2,35.199999999999996,https://resources.premierleague.com/premierleague/photos/players/110x140/p194164.png
193,Godfrey,8,1.0,0.2,3.0,4.3,2,23.400000000000002,https://resources.premierleague.com/premierleague/photos/players/110x140/p198826.png
194,Mykolenko,8,2.3,20.2,3.0,4.5,2,34.4,https://resources.premierleague.com/premierleague/photos/players/110x140/p224967.png
195,Gordon,8,3.7,49.1,3.0,5.5,3,48.699999999999996,https://resources.premierleague.com/premierleague/photos/players/110x140/p232826.png
196,Branthwaite,8,0.0,0.0,3.0,4.0,2,20.0,https://resources.premierleague.com/premierleague/photos/players/110x140/p480455.png
197,Patterson,8,2.3,23.2,3.0,4.1,2,35.4,https://resources.premierleague.com/premierleague/photos/players/110x140/p243571.png
198,Nkounkou,8,0.0,0.0,3.0,4.0,2,20.0,https://resources.premierleague.com/premierleague/photos/players/110x140/p495542.png
199,Tarkowski,8,2.5,29.1,3.0,4.4,2,38.03333333333333,https://resources.premierleague.com/premierleague/photos/players/110x140/p17761.png
475,Coady,8,4.0,11.4,3.0,4.8,2,37.13333333333333,https://resources.premierleague.com/premierleague/photos/players/110x140/p94147.png
531,Vinagre,8,1.0,0.9,3.0,4.4,2,23.633333333333336,https://resources.premierleague.com/premierleague/photos/players/110x140/p216054.png
534,McNeil,8,1.7,20.3,3.0,5.2,3,32.43333333333333,https://resources.premierleague.com/premierleague/photos/players/110x140/p433154.png
560,Mills,8,0.0,0.0,3.0,4.5,3,20.0,https://resources.premierleague.com/premierleague/photos/players/110x140/p510328.png
561,Warrington,8,0.0,0.0,3.0,4.4,3,20.0,https://resources.premierleague.com/premierleague/photos/players/110x140/p461453.png
570,Garner,8,0.0,0.0,3.0,4.5,3,20.0,https://resources.premierleague.com/premierleague/photos/players/110x140/p232928.png
577,Onana,8,2.2,14.4,3.0,4.9,3,32.13333333333333,https://resources.premierleague.com/premierleague/photos/players/110x140/p449871.png
605,Welch,8,0.0,0.0,3.0,4.0,2,20.0,https://resources.premierleague.com/premierleague/photos/players/110x140/p474907.png
611,Gueye,8,1.0,0.5,3.0,5.0,3,23.5,https://resources.premierleague.com/premierleague/photos/players/110x140/p80801.png
2,Leno,9,2.5,16.0,3.0,4.5,1,33.666666666666664,https://resources.premierleague.com/premierleague/photos/players/110x140/p80201.png
105,Duffy,9,1.0,0.0,3.0,4.4,2,23.333333333333332,https://resources.premierleague.com/premierleague/photos/players/110x140/p61933.png
200,Cairney,9,1.0,6.2,3.0,4.8,3,25.400000000000002,https://resources.premierleague.com/premierleague/photos/players/110x140/p76357.png
201,Ream,9,2.0,13.7,3.0,4.5,2,31.233333333333334,https://resources.premierleague.com/premierleague/photos/players/110x140/p82514.png
202,Knockaert,9,0.0,0.0,3.0,4.8,3,20.0,https://resources.premierleague.com/premierleague/photos/players/110x140/p83543.png
203,Chalobah,9,1.0,2.2,3.0,4.5,3,24.066666666666666,https://resources.premierleague.com/premierleague/photos/players/110x140/p89085.png
204,Kebano,9,2.6,17.1,3.0,5.5,3,34.36666666666667,https://resources.premierleague.com/premierleague/photos/players/110x140/p92259.png
205,De Cordova-Reid,9,2.7,31.9,3.0,5.5,3,39.63333333333333,https://resources.premierleague.com/premierleague/photos/players/110x140/p96994.png
206,Bryan,9,0.0,0.0,3.0,4.4,2,20.0,https://resources.premierleague.com/premierleague/photos/players/110x140/p101105.png
207,Gazzaniga,9,0.0,0.0,3.0,4.0,1,20.0,https://resources.premierleague.com/premierleague/photos/players/110x140/p102884.png
208,Kongolo,9,0.0,0.0,3.0,3.9,2,20.0,https://resources.premierleague.com/premierleague/photos/players/110x140/p109434.png
209,Tosin,9,2.0,12.5,3.0,4.5,2,30.833333333333332,https://resources.premierleague.com/premierleague/photos/players/110x140/p109646.png
210,Mitrović,9,6.5,67.0,3.0,6.8,4,64.0,https://resources.premierleague.com/premierleague/photos/players/110x140/p128389.png
211,Reed,9,1.8,16.2,3.0,4.5,3,31.400000000000002,https://resources.premierleague.com/premierleague/photos/players/110x140/p153366.png
212,Wilson,9,0.0,0.0,3.0,5.8,3,20.0,https://resources.premierleague.com/premierleague/photos/players/110x140/p153682.png
213,Rodák,9,3.5,1.9,3.0,4.5,1,32.300000000000004,https://resources.premierleague.com/premierleague/photos/players/110x140/p155529.png
214,Cavaleiro,9,0.0,0.0,3.0,4.8,3,20.0,https://resources.premierleague.com/premierleague/photos/players/110x140/p166324.png
215,Tete,9,2.7,19.5,3.0,4.5,2,35.5,https://resources.premierleague.com/premierleague/photos/players/110x140/p167074.png
216,Onomah,9,0.0,0.0,3.0,4.4,3,20.0,https://resources.premierleague.com/premierleague/photos/players/110x140/p168765.png
217,Robinson,9,1.7,16.3,3.0,4.5,2,31.099999999999998,https://resources.premierleague.com/premierleague/photos/players/110x140/p169528.png
218,Muniz,9,0.0,0.0,3.0,5.4,4,20.0,https://resources.premierleague.com/premierleague/photos/players/110x140/p244042.png
219,Stansfield,9,2.3,6.7,3.0,4.5,4,29.900000000000002,https://resources.premierleague.com/premierleague/photos/players/110x140/p490146.png
220,Palhinha,9,2.3,21.8,3.0,5.0,3,34.93333333333333,https://resources.premierleague.com/premierleague/photos/players/110x140/p154296.png
231,James,9,1.4,7.9,3.0,6.0,3,27.3,https://resources.premierleague.com/premierleague/photos/players/110x140/p200617.png
346,Andreas,9,3.8,27.9,3.0,4.6,3,41.96666666666667,https://resources.premierleague.com/premierleague/photos/players/110x140/p156689.png
470,Diop,9,1.0,0.7,3.0,4.4,2,23.566666666666666,https://resources.premierleague.com/premierleague/photos/players/110x140/p219924.png
521,Francois,9,1.0,0.1,3.0,4.4,3,23.366666666666664,https://resources.premierleague.com/premierleague/photos/players/110x140/p432931.png
532,Mbabu,9,1.5,7.4,3.0,4.4,2,27.46666666666667,https://resources.premierleague.com/premierleague/photos/players/110x140/p120721.png
546,Harris,9,0.0,0.0,3.0,4.5,3,20.0,https://resources.premierleague.com/premierleague/photos/players/110x140/p515024.png
562,Solomon,9,1.0,0.3,3.0,4.9,3,23.433333333333334,https://resources.premierleague.com/premierleague/photos/players/110x140/p235674.png
591,Ablade,9,0.0,0.0,3.0,4.5,4,20.0,https://resources.premierleague.com/premierleague/photos/players/110x140/p247664.png
613,Kurzawa,9,0.0,0.0,3.0,4.5,2,20.0,https://resources.premierleague.com/premierleague/photos/players/110x140/p89068.png
614,Willian,9,1.0,0.3,3.0,5.5,3,23.433333333333334,https://resources.premierleague.com/premierleague/photos/players/110x140/p47431.png
618,Vinícius,9,1.0,0.0,3.0,5.5,4,23.333333333333332,https://resources.premierleague.com/premierleague/photos/players/110x140/p245824.png
248,Schmeichel,10,0.0,0.0,3.3333333333333335,5.0,1,22.222222222222225,https://resources.premierleague.com/premierleague/photos/players/110x140/p17745.png
249,Evans,10,0.8,11.4,3.3333333333333335,4.4,2,28.688888888888886,https://resources.premierleague.com/premierleague/photos/players/110x140/p37642.png
250,Bertrand,10,0.0,0.0,3.3333333333333335,4.0,2,22.222222222222225,https://resources.premierleague.com/premierleague/photos/players/110x140/p40146.png
251,Albrighton,10,0.0,0.0,3.3333333333333335,4.8,3,22.222222222222225,https://resources.premierleague.com/premierleague/photos/players/110x140/p51938.png
252,Mendy,10,0.0,0.0,3.3333333333333335,4.4,3,22.222222222222225,https://resources.premierleague.com/premierleague/photos/players/110x140/p86881.png
253,Vestergaard,10,0.0,0.0,3.3333333333333335,3.9,2,22.222222222222225,https://resources.premierleague.com/premierleague/photos/players/110x140/p93100.png
254,Ward,10,1.3,11.8,3.3333333333333335,4.0,1,30.48888888888889,https://resources.premierleague.com/premierleague/photos/players/110x140/p95463.png
255,Vardy,10,2.8,15.0,3.3333333333333335,9.3,4,36.55555555555556,https://resources.premierleague.com/premierleague/photos/players/110x140/p101668.png
256,Ricardo,10,0.0,0.0,3.3333333333333335,4.3,2,22.222222222222225,https://resources.premierleague.com/premierleague/photos/players/110x140/p111931.png
257,Amartey,10,1.0,12.1,3.3333333333333335,4.4,2,29.588888888888892,https://resources.premierleague.com/premierleague/photos/players/110x140/p155569.png
258,Castagne,10,2.0,20.7,3.3333333333333335,4.5,2,35.78888888888889,https://resources.premierleague.com/premierleague/photos/players/110x140/p166477.png
259,Tielemans,10,2.7,30.3,3.3333333333333335,6.3,3,41.32222222222222,https://resources.premierleague.com/premierleague/photos/players/110x140/p166989.png
260,Pérez,10,3.5,6.6,3.3333333333333335,4.9,3,36.088888888888896,https://resources.premierleague.com/premierleague/photos/players/110x140/p168580.png
261,Maddison,10,4.4,38.7,3.3333333333333335,7.9,3,49.78888888888889,https://resources.premierleague.com/premierleague/photos/players/110x140/p172780.png
262,Iheanacho,10,2.6,16.3,3.3333333333333335,6.2,4,36.32222222222222,https://resources.premierleague.com/premierleague/photos/players/110x140/p173515.png
263,Choudhury,10,0.0,0.0,3.3333333333333335,4.5,3,22.222222222222225,https://resources.premierleague.com/premierleague/photos/players/110x140/p197469.png
264,Barnes,10,3.0,15.9,3.3333333333333335,6.9,3,37.52222222222222,https://resources.premierleague.com/premierleague/photos/players/110x140/p201666.png
265,Ndidi,10,1.8,10.7,3.3333333333333335,4.9,3,31.78888888888889,https://resources.premierleague.com/premierleague/photos/players/110x140/p203341.png
266,Dewsbury-Hall,10,3.0,21.9,3.3333333333333335,5.0,3,39.52222222222222,https://resources.premierleague.com/premierleague/photos/players/110x140/p215413.png
267,Söyüncü,10,0.0,0.0,3.3333333333333335,4.3,2,22.222222222222225,https://resources.premierleague.com/premierleague/photos/players/110x140/p218031.png
268,Justin,10,1.3,18.5,3.3333333333333335,4.3,2,32.72222222222222,https://resources.premierleague.com/premierleague/photos/players/110x140/p220627.png
269,Soumaré,10,1.7,3.6,3.3333333333333335,4.4,3,29.088888888888892,https://resources.premierleague.com/premierleague/photos/players/110x140/p225902.png
270,Thomas,10,-0.5,2.2,3.3333333333333335,4.3,2,21.28888888888889,https://resources.premierleague.com/premierleague/photos/players/110x140/p244619.png
271,Daka,10,2.8,14.9,3.3333333333333335,5.7,4,36.52222222222222,https://resources.premierleague.com/premierleague/photos/players/110x140/p245419.png
273,Brunt,10,0.0,0.0,3.3333333333333335,4.0,2,22.222222222222225,https://resources.premierleague.com/premierleague/photos/players/110x140/p232620.png
548,Iversen,10,0.0,0.0,3.3333333333333335,3.9,1,22.222222222222225,https://resources.premierleague.com/premierleague/photos/players/110x140/p207270.png
549,Praet,10,0.5,0.9,3.3333333333333335,4.9,3,24.188888888888894,https://resources.premierleague.com/premierleague/photos/players/110x140/p106837.png
581,Smithies,10,0.0,0.0,3.3333333333333335,4.0,1,22.222222222222225,https://resources.premierleague.com/premierleague/photos/players/110x140/p45220.png
612,Faes,10,0.0,0.0,3.3333333333333335,4.5,2,22.222222222222225,https://resources.premierleague.com/premierleague/photos/players/110x140/p218218.png
221,Cooper,11,0.0,0.0,3.3333333333333335,4.4,2,22.222222222222225,https://resources.premierleague.com/premierleague/photos/players/110x140/p55914.png
222,Ayling,11,3.0,5.4,3.3333333333333335,4.5,2,34.02222222222222,https://resources.premierleague.com/premierleague/photos/players/110x140/p66588.png
223,Klich,11,0.8,10.9,3.3333333333333335,4.8,3,28.522222222222222,https://resources.premierleague.com/premierleague/photos/players/110x140/p72222.png
224,Forshaw,11,1.0,2.0,3.3333333333333335,4.5,3,26.222222222222225,https://resources.premierleague.com/premierleague/photos/players/110x140/p80179.png
225,Rodrigo,11,7.6,47.5,3.3333333333333335,6.3,3,63.38888888888889,https://resources.premierleague.com/premierleague/photos/players/110x140/p80954.png
226,Dallas,11,0.0,0.0,3.3333333333333335,4.9,2,22.222222222222225,https://resources.premierleague.com/premierleague/photos/players/110x140/p87873.png
227,Bamford,11,2.0,9.9,3.3333333333333335,7.3,4,32.18888888888889,https://resources.premierleague.com/premierleague/photos/players/110x140/p106617.png
228,Llorente,11,2.3,10.3,3.3333333333333335,4.5,2,33.32222222222222,https://resources.premierleague.com/premierleague/photos/players/110x140/p149915.png
229,Roberts,11,0.0,0.0,3.3333333333333335,5.0,3,22.222222222222225,https://resources.premierleague.com/premierleague/photos/players/110x140/p173821.png
230,Koch,11,2.2,14.3,3.3333333333333335,4.5,2,34.32222222222222,https://resources.premierleague.com/premierleague/photos/players/110x140/p193645.png
232,Raphinha,11,0.0,0.0,3.3333333333333335,7.0,3,22.222222222222225,https://resources.premierleague.com/premierleague/photos/players/110x140/p219961.png
233,Harrison,11,4.8,50.1,3.3333333333333335,6.2,3,54.92222222222222,https://resources.premierleague.com/premierleague/photos/players/110x140/p221399.png
234,Shackleton,11,0.0,0.0,3.3333333333333335,4.5,3,22.222222222222225,https://resources.premierleague.com/premierleague/photos/players/110x140/p221610.png
235,Struijk,11,3.2,27.8,3.3333333333333335,4.5,2,42.15555555555556,https://resources.premierleague.com/premierleague/photos/players/110x140/p222694.png
236,Klaesson,11,0.0,0.0,3.3333333333333335,4.0,1,22.222222222222225,https://resources.premierleague.com/premierleague/photos/players/110x140/p223081.png
237,Greenwood,11,1.0,5.2,3.3333333333333335,4.4,4,27.28888888888889,https://resources.premierleague.com/premierleague/photos/players/110x140/p248937.png
238,Meslier,11,2.8,14.0,3.3333333333333335,4.5,1,36.22222222222222,https://resources.premierleague.com/premierleague/photos/players/110x140/p437495.png
239,Firpo,11,0.0,0.0,3.3333333333333335,4.5,2,22.222222222222225,https://resources.premierleague.com/premierleague/photos/players/110x140/p443967.png
240,Summerville,11,1.0,0.9,3.3333333333333335,4.4,3,25.855555555555558,https://resources.premierleague.com/premierleague/photos/players/110x140/p450070.png
241,Bate,11,0.0,0.0,3.3333333333333335,4.5,3,22.222222222222225,https://resources.premierleague.com/premierleague/photos/players/110x140/p450529.png
242,Gelhardt,11,1.0,5.6,3.3333333333333335,5.3,4,27.42222222222222,https://resources.premierleague.com/premierleague/photos/players/110x140/p462635.png
243,Hjelde,11,0.0,0.0,3.3333333333333335,3.9,2,22.222222222222225,https://resources.premierleague.com/premierleague/photos/players/110x140/p477547.png
244,Kristensen,11,2.2,16.4,3.3333333333333335,4.9,2,35.02222222222222,https://resources.premierleague.com/premierleague/photos/players/110x140/p224209.png
245,Roca,11,2.8,29.5,3.3333333333333335,4.9,3,41.38888888888889,https://resources.premierleague.com/premierleague/photos/players/110x140/p234370.png
246,Aaronson,11,3.2,34.5,3.3333333333333335,5.5,3,44.38888888888889,https://resources.premierleague.com/premierleague/photos/players/110x140/p427637.png
247,Gyabi,11,0.0,0.0,3.3333333333333335,4.4,3,22.222222222222225,https://resources.premierleague.com/premierleague/photos/players/110x140/p470294.png
506,Adams,11,1.8,23.7,3.3333333333333335,5.0,3,36.12222222222223,https://resources.premierleague.com/premierleague/photos/players/110x140/p200785.png
508,Sinisterra,11,3.6,15.3,3.3333333333333335,6.5,3,39.32222222222222,https://resources.premierleague.com/premierleague/photos/players/110x140/p224995.png
547,Drameh,11,1.0,1.6,3.3333333333333335,4.0,2,26.08888888888889,https://resources.premierleague.com/premierleague/photos/players/110x140/p433590.png
565,Gray,11,0.0,0.0,3.3333333333333335,4.5,3,22.222222222222225,https://resources.premierleague.com/premierleague/photos/players/110x140/p547701.png
578,Robles,11,0.0,0.0,3.3333333333333335,4.0,1,22.222222222222225,https://resources.premierleague.com/premierleague/photos/players/110x140/p78315.png
619,Gnonto,11,0.0,0.0,3.3333333333333335,5.0,4,22.222222222222225,https://resources.premierleague.com/premierleague/photos/players/110x140/p492859.png
274,Milner,12,1.8,19.1,3.3333333333333335,4.5,3,34.588888888888896,https://resources.premierleague.com/premierleague/photos/players/110x140/p15157.png
275,Henderson,12,1.8,15.4,3.3333333333333335,5.3,3,33.355555555555554,https://resources.premierleague.com/premierleague/photos/players/110x140/p56979.png
276,Matip,12,1.0,3.3,3.3333333333333335,5.9,2,26.655555555555555,https://resources.premierleague.com/premierleague/photos/players/110x140/p60914.png
277,Thiago,12,1.0,2.3,3.3333333333333335,5.2,3,26.322222222222223,https://resources.premierleague.com/premierleague/photos/players/110x140/p61558.png
278,Chamberlain,12,0.0,0.0,3.3333333333333335,4.9,3,22.222222222222225,https://resources.premierleague.com/premierleague/photos/players/110x140/p81880.png
279,Firmino,12,7.0,61.1,3.3333333333333335,8.1,4,65.92222222222222,https://resources.premierleague.com/premierleague/photos/players/110x140/p92217.png
280,Van Dijk,12,3.8,28.6,3.3333333333333335,6.5,2,44.42222222222222,https://resources.premierleague.com/premierleague/photos/players/110x140/p97032.png
281,Alisson,12,3.3,10.3,3.3333333333333335,5.5,1,36.65555555555556,https://resources.premierleague.com/premierleague/photos/players/110x140/p116535.png
282,Fabinho,12,1.8,16.8,3.3333333333333335,5.4,3,33.82222222222222,https://resources.premierleague.com/premierleague/photos/players/110x140/p116643.png
283,Salah,12,6.3,71.0,3.3333333333333335,13.0,3,66.8888888888889,https://resources.premierleague.com/premierleague/photos/players/110x140/p118748.png
284,Robertson,12,2.7,29.6,3.3333333333333335,6.8,2,41.088888888888896,https://resources.premierleague.com/premierleague/photos/players/110x140/p122798.png
285,Alexander-Arnold,12,4.0,44.0,3.3333333333333335,7.5,2,50.22222222222223,https://resources.premierleague.com/premierleague/photos/players/110x140/p169187.png
286,Gomez,12,3.8,11.8,3.3333333333333335,4.5,2,38.82222222222222,https://resources.premierleague.com/premierleague/photos/players/110x140/p171287.png
287,Keita,12,0.0,0.0,3.3333333333333335,4.8,3,22.222222222222225,https://resources.premierleague.com/premierleague/photos/players/110x140/p175592.png
288,Diogo Jota,12,1.0,3.4,3.3333333333333335,8.9,4,26.688888888888894,https://resources.premierleague.com/premierleague/photos/players/110x140/p194634.png
289,Kelleher,12,0.0,0.0,3.3333333333333335,4.0,1,22.222222222222225,https://resources.premierleague.com/premierleague/photos/players/110x140/p200720.png
290,Konaté,12,0.0,0.0,3.3333333333333335,4.8,2,22.222222222222225,https://resources.premierleague.com/premierleague/photos/players/110x140/p204716.png
291,Jones,12,0.0,0.0,3.3333333333333335,4.9,3,22.222222222222225,https://resources.premierleague.com/premierleague/photos/players/110x140/p206915.png
292,Tsimikas,12,2.0,18.2,3.3333333333333335,4.5,2,34.955555555555556,https://resources.premierleague.com/premierleague/photos/players/110x140/p214285.png
293,Luis Díaz,12,5.3,48.4,3.3333333333333335,8.2,3,56.02222222222222,https://resources.premierleague.com/premierleague/photos/players/110x140/p244731.png
294,Elliott,12,3.0,34.8,3.3333333333333335,5.0,3,43.82222222222222,https://resources.premierleague.com/premierleague/photos/players/110x140/p444884.png
296,Carvalho,12,3.2,19.7,3.3333333333333335,5.4,3,39.455555555555556,https://resources.premierleague.com/premierleague/photos/players/110x140/p244858.png
297,Darwin,12,3.0,31.8,3.3333333333333335,8.9,4,42.82222222222222,https://resources.premierleague.com/premierleague/photos/players/110x140/p447203.png
298,Ramsay,12,0.0,0.0,3.3333333333333335,3.9,2,22.222222222222225,https://resources.premierleague.com/premierleague/photos/players/110x140/p489580.png
497,Adrián,12,0.0,0.0,3.3333333333333335,4.0,1,22.222222222222225,https://resources.premierleague.com/premierleague/photos/players/110x140/p60706.png
498,R.Williams,12,0.0,0.0,3.3333333333333335,4.0,2,22.222222222222225,https://resources.premierleague.com/premierleague/photos/players/110x140/p219937.png
499,Davies,12,0.0,0.0,3.3333333333333335,4.0,2,22.222222222222225,https://resources.premierleague.com/premierleague/photos/players/110x140/p152898.png
500,Van den Berg,12,0.0,0.0,3.3333333333333335,4.0,2,22.222222222222225,https://resources.premierleague.com/premierleague/photos/players/110x140/p444765.png
501,Phillips,12,2.0,3.4,3.3333333333333335,4.0,2,30.022222222222222,https://resources.premierleague.com/premierleague/photos/players/110x140/p197464.png
563,Chambers,12,0.0,0.0,3.3333333333333335,4.0,2,22.222222222222225,https://resources.premierleague.com/premierleague/photos/players/110x140/p462491.png
564,Bajcetic,12,1.0,0.5,3.3333333333333335,4.5,3,25.722222222222225,https://resources.premierleague.com/premierleague/photos/players/110x140/p535928.png
584,Clark,12,1.0,0.2,3.3333333333333335,4.5,3,25.622222222222224,https://resources.premierleague.com/premierleague/photos/players/110x140/p491970.png
592,H.Davies,12,0.0,0.0,3.3333333333333335,4.0,1,22.222222222222225,https://resources.premierleague.com/premierleague/photos/players/110x140/p464353.png
620,Arthur,12,0.0,0.0,3.3333333333333335,5.0,3,22.222222222222225,https://resources.premierleague.com/premierleague/photos/players/110x140/p204043.png
299,Walker,13,3.7,14.1,3.3333333333333335,5.1,2,39.25555555555556,https://resources.premierleague.com/premierleague/photos/players/110x140/p58621.png
300,Gündogan,13,5.0,50.1,3.3333333333333335,7.6,3,55.58888888888888,https://resources.premierleague.com/premierleague/photos/players/110x140/p59859.png
301,De Bruyne,13,5.8,65.9,3.3333333333333335,12.2,3,63.52222222222222,https://resources.premierleague.com/premierleague/photos/players/110x140/p61366.png
302,Stones,13,3.2,12.8,3.3333333333333335,5.4,2,37.15555555555556,https://resources.premierleague.com/premierleague/photos/players/110x140/p97299.png
303,Mahrez,13,2.2,18.4,3.3333333333333335,7.6,3,35.68888888888889,https://resources.premierleague.com/premierleague/photos/players/110x140/p103025.png
305,Grealish,13,2.0,8.5,3.3333333333333335,6.8,3,31.722222222222225,https://resources.premierleague.com/premierleague/photos/players/110x140/p114283.png
306,Cancelo,13,5.5,28.7,3.3333333333333335,7.1,2,50.12222222222223,https://resources.premierleague.com/premierleague/photos/players/110x140/p121145.png
307,Ederson,13,3.8,6.6,3.3333333333333335,5.5,1,37.088888888888896,https://resources.premierleague.com/premierleague/photos/players/110x140/p121160.png
308,Aké,13,3.8,9.4,3.3333333333333335,5.0,2,38.02222222222222,https://resources.premierleague.com/premierleague/photos/players/110x140/p126184.png
309,Laporte,13,0.0,0.0,3.3333333333333335,5.9,2,22.222222222222225,https://resources.premierleague.com/premierleague/photos/players/110x140/p146941.png
310,Steffen,13,0.0,0.0,3.3333333333333335,4.0,1,22.222222222222225,https://resources.premierleague.com/premierleague/photos/players/110x140/p164484.png
311,Bernardo,13,5.5,38.1,3.3333333333333335,7.0,3,53.25555555555555,https://resources.premierleague.com/premierleague/photos/players/110x140/p165809.png
312,Dias,13,3.7,19.1,3.3333333333333335,6.0,2,40.922222222222224,https://resources.premierleague.com/premierleague/photos/players/110x140/p171314.png
314,Foden,13,4.0,43.8,3.3333333333333335,8.0,3,50.15555555555556,https://resources.premierleague.com/premierleague/photos/players/110x140/p209244.png
315,Rodri,13,3.2,27.1,3.3333333333333335,5.9,3,41.922222222222224,https://resources.premierleague.com/premierleague/photos/players/110x140/p220566.png
316,Palmer,13,1.0,2.4,3.3333333333333335,4.4,3,26.355555555555558,https://resources.premierleague.com/premierleague/photos/players/110x140/p244851.png
317,McAtee,13,0.0,0.0,3.3333333333333335,4.5,3,22.222222222222225,https://resources.premierleague.com/premierleague/photos/players/110x140/p432714.png
318,Haaland,13,11.2,83.8,3.3333333333333335,12.0,4,87.4888888888889,https://resources.premierleague.com/premierleague/photos/players/110x140/p223094.png
319,Álvarez,13,3.8,19.6,3.3333333333333335,6.2,4,41.422222222222224,https://resources.premierleague.com/premierleague/photos/players/110x140/p461358.png
320,Mbete,13,0.0,0.0,3.3333333333333335,3.9,2,22.222222222222225,https://resources.premierleague.com/premierleague/photos/players/110x140/p439510.png
322,Wilson-Esbrand,13,0.0,0.0,3.3333333333333335,3.9,2,22.222222222222225,https://resources.premierleague.com/premierleague/photos/players/110x140/p447880.png
323,Delap,13,0.0,0.0,3.3333333333333335,4.4,4,22.222222222222225,https://resources.premierleague.com/premierleague/photos/players/110x140/p463034.png
324,Ortega,13,0.0,0.0,3.3333333333333335,3.9,1,22.222222222222225,https://resources.premierleague.com/premierleague/photos/players/110x140/p88248.png
325,Phillips,13,1.0,0.1,3.3333333333333335,4.8,3,25.58888888888889,https://resources.premierleague.com/premierleague/photos/players/110x140/p155405.png
502,Carson,13,0.0,0.0,3.3333333333333335,3.9,1,22.222222222222225,https://resources.premierleague.com/premierleague/photos/players/110x140/p17601.png
573,Lewis,13,1.0,1.0,3.3333333333333335,4.0,2,25.88888888888889,https://resources.premierleague.com/premierleague/photos/players/110x140/p477064.png
587,Sergio Gómez,13,1.0,1.8,3.3333333333333335,4.5,2,26.155555555555555,https://resources.premierleague.com/premierleague/photos/players/110x140/p437468.png
599,Gomes,13,0.0,0.0,3.3333333333333335,4.5,3,22.222222222222225,https://resources.premierleague.com/premierleague/photos/players/110x140/p219291.png
600,Knight,13,0.0,0.0,3.3333333333333335,4.5,3,22.222222222222225,https://resources.premierleague.com/premierleague/photos/players/110x140/p244932.png
610,Akanji,13,0.0,0.0,3.3333333333333335,5.0,2,22.222222222222225,https://resources.premierleague.com/premierleague/photos/players/110x140/p211975.png
326,Ronaldo,14,1.2,15.8,3.0,10.2,4,29.266666666666666,https://resources.premierleague.com/premierleague/photos/players/110x140/p14937.png
327,De Gea,14,3.5,14.6,3.0,4.9,1,36.53333333333333,https://resources.premierleague.com/premierleague/photos/players/110x140/p51940.png
328,Jones,14,0.0,0.0,3.0,3.9,2,20.0,https://resources.premierleague.com/premierleague/photos/players/110x140/p76359.png
329,Varane,14,3.4,9.7,3.0,4.8,2,34.56666666666667,https://resources.premierleague.com/premierleague/photos/players/110x140/p90152.png
330,Maguire,14,-0.3,9.3,3.0,4.7,2,22.099999999999998,https://resources.premierleague.com/premierleague/photos/players/110x140/p95658.png
331,Fred,14,0.8,4.7,3.0,5.2,3,24.233333333333334,https://resources.premierleague.com/premierleague/photos/players/110x140/p101582.png
332,Shaw,14,-0.5,9.0,3.0,4.7,2,21.333333333333332,https://resources.premierleague.com/premierleague/photos/players/110x140/p106760.png
333,Fernandes,14,3.7,47.0,3.0,9.8,3,48.0,https://resources.premierleague.com/premierleague/photos/players/110x140/p141746.png
334,Telles,14,0.0,0.0,3.0,5.0,2,20.0,https://resources.premierleague.com/premierleague/photos/players/110x140/p152590.png
335,Rashford,14,6.7,47.5,3.0,6.5,3,58.166666666666664,https://resources.premierleague.com/premierleague/photos/players/110x140/p176297.png
336,Van de Beek,14,1.0,0.2,3.0,5.2,3,23.400000000000002,https://resources.premierleague.com/premierleague/photos/players/110x140/p180184.png
337,Lindelöf,14,0.0,0.0,3.0,4.3,2,20.0,https://resources.premierleague.com/premierleague/photos/players/110x140/p184667.png
338,McTominay,14,1.5,14.9,3.0,4.9,3,29.96666666666667,https://resources.premierleague.com/premierleague/photos/players/110x140/p195851.png
339,Bailly,14,0.0,0.0,3.0,4.0,2,20.0,https://resources.premierleague.com/premierleague/photos/players/110x140/p197365.png
340,Sancho,14,4.7,27.9,3.0,7.3,3,44.96666666666667,https://resources.premierleague.com/premierleague/photos/players/110x140/p209243.png
341,Wan-Bissaka,14,1.0,0.3,3.0,4.3,2,23.433333333333334,https://resources.premierleague.com/premierleague/photos/players/110x140/p214590.png
342,Dalot,14,3.8,36.9,3.0,4.5,2,44.96666666666667,https://resources.premierleague.com/premierleague/photos/players/110x140/p216051.png
343,B.Williams,14,0.0,0.0,3.0,3.9,2,20.0,https://resources.premierleague.com/premierleague/photos/players/110x140/p232937.png
344,Elanga,14,2.0,14.9,3.0,4.9,3,31.633333333333336,https://resources.premierleague.com/premierleague/photos/players/110x140/p449434.png
345,Martial,14,4.0,5.4,3.0,6.9,4,35.13333333333333,https://resources.premierleague.com/premierleague/photos/players/110x140/p148225.png
347,Pellistri,14,0.0,0.0,3.0,4.4,3,20.0,https://resources.premierleague.com/premierleague/photos/players/110x140/p488404.png
348,Heaton,14,0.0,0.0,3.0,4.0,1,20.0,https://resources.premierleague.com/premierleague/photos/players/110x140/p21205.png
355,Dubravka,14,0.0,0.0,3.0,4.3,1,20.0,https://resources.premierleague.com/premierleague/photos/players/110x140/p67089.png
504,Malacia,14,3.2,9.6,3.0,4.4,2,33.86666666666667,https://resources.premierleague.com/premierleague/photos/players/110x140/p222690.png
519,Eriksen,14,2.7,30.4,3.0,6.3,3,39.13333333333333,https://resources.premierleague.com/premierleague/photos/players/110x140/p80607.png
533,Martínez,14,2.3,15.0,3.0,4.5,2,32.666666666666664,https://resources.premierleague.com/premierleague/photos/players/110x140/p221820.png
550,Amad,14,0.0,0.0,3.0,4.4,3,20.0,https://resources.premierleague.com/premierleague/photos/players/110x140/p493250.png
551,Iqbal,14,0.0,0.0,3.0,4.4,3,20.0,https://resources.premierleague.com/premierleague/photos/players/110x140/p461548.png
569,Garnacho,14,1.0,0.0,3.0,4.4,3,23.333333333333332,https://resources.premierleague.com/premierleague/photos/players/110x140/p493105.png
593,Casemiro,14,1.0,3.3,3.0,5.0,3,24.433333333333334,https://resources.premierleague.com/premierleague/photos/players/110x140/p61256.png
609,Antony,14,6.0,6.5,3.0,7.5,3,42.166666666666664,https://resources.premierleague.com/premierleague/photos/players/110x140/p467169.png
615,Kovár,14,0.0,0.0,3.0,4.0,1,20.0,https://resources.premierleague.com/premierleague/photos/players/110x140/p446189.png
349,Shelvey,15,0.0,0.0,3.6666666666666665,4.9,3,24.444444444444443,https://resources.premierleague.com/premierleague/photos/players/110x140/p50232.png
350,Ritchie,15,1.0,0.0,3.6666666666666665,4.3,2,27.777777777777775,https://resources.premierleague.com/premierleague/photos/players/110x140/p56983.png
351,Fernández,15,0.0,0.0,3.6666666666666665,4.4,2,24.444444444444443,https://resources.premierleague.com/premierleague/photos/players/110x140/p57145.png
352,Clark,15,0.0,0.0,3.6666666666666665,4.5,2,24.444444444444443,https://resources.premierleague.com/premierleague/photos/players/110x140/p58845.png
353,Darlow,15,0.0,0.0,3.6666666666666665,4.0,1,24.444444444444443,https://resources.premierleague.com/premierleague/photos/players/110x140/p59735.png
354,Wood,15,1.2,6.4,3.6666666666666665,5.7,4,30.577777777777772,https://resources.premierleague.com/premierleague/photos/players/110x140/p60689.png
356,Wilson,15,4.7,23.8,3.6666666666666665,7.2,4,48.044444444444444,https://resources.premierleague.com/premierleague/photos/players/110x140/p75115.png
357,Trippier,15,5.0,38.6,3.6666666666666665,5.2,2,53.97777777777778,https://resources.premierleague.com/premierleague/photos/players/110x140/p77794.png
358,Burn,15,3.0,15.8,3.6666666666666665,4.5,2,39.71111111111111,https://resources.premierleague.com/premierleague/photos/players/110x140/p78916.png
359,Fraser,15,1.5,10.9,3.6666666666666665,5.3,3,33.077777777777776,https://resources.premierleague.com/premierleague/photos/players/110x140/p90105.png
360,Lascelles,15,0.0,1.9,3.6666666666666665,4.3,2,25.07777777777778,https://resources.premierleague.com/premierleague/photos/players/110x140/p101148.png
361,Gayle,15,0.0,0.0,3.6666666666666665,4.5,4,24.444444444444443,https://resources.premierleague.com/premierleague/photos/players/110x140/p104547.png
362,Dummett,15,0.0,0.0,3.6666666666666665,4.0,2,24.444444444444443,https://resources.premierleague.com/premierleague/photos/players/110x140/p106618.png
363,Manquillo,15,0.0,0.0,3.6666666666666665,4.3,2,24.444444444444443,https://resources.premierleague.com/premierleague/photos/players/110x140/p109528.png
364,Krafth,15,1.0,0.0,3.6666666666666665,4.4,2,27.777777777777775,https://resources.premierleague.com/premierleague/photos/players/110x140/p111773.png
365,Murphy,15,1.0,5.1,3.6666666666666665,4.4,3,29.477777777777774,https://resources.premierleague.com/premierleague/photos/players/110x140/p114243.png
366,Schär,15,5.4,26.6,3.6666666666666665,4.7,2,51.31111111111111,https://resources.premierleague.com/premierleague/photos/players/110x140/p119471.png
367,Targett,15,4.0,15.4,3.6666666666666665,4.9,2,42.911111111111104,https://resources.premierleague.com/premierleague/photos/players/110x140/p169359.png
368,Saint-Maximin,15,6.8,38.0,3.6666666666666665,6.5,3,59.77777777777777,https://resources.premierleague.com/premierleague/photos/players/110x140/p170137.png
369,Almirón,15,3.3,31.1,3.6666666666666665,5.0,3,45.81111111111111,https://resources.premierleague.com/premierleague/photos/players/110x140/p179018.png
370,S.Longstaff,15,2.2,18.7,3.6666666666666665,4.4,3,38.01111111111111,https://resources.premierleague.com/premierleague/photos/players/110x140/p180135.png
371,Joelinton,15,2.7,43.5,3.6666666666666665,6.0,3,47.944444444444436,https://resources.premierleague.com/premierleague/photos/players/110x140/p180974.png
372,Lewis,15,0.0,0.0,3.6666666666666665,4.4,2,24.444444444444443,https://resources.premierleague.com/premierleague/photos/players/110x140/p194799.png
373,Willock,15,2.5,29.2,3.6666666666666665,4.9,3,42.51111111111111,https://resources.premierleague.com/premierleague/photos/players/110x140/p200089.png
374,Bruno Guimarães,15,2.3,11.8,3.6666666666666665,5.7,3,36.044444444444444,https://resources.premierleague.com/premierleague/photos/players/110x140/p208706.png
375,Hendrick,15,0.0,0.0,3.6666666666666665,4.5,3,24.444444444444443,https://resources.premierleague.com/premierleague/photos/players/110x140/p83314.png
376,Pope,15,6.0,20.4,3.6666666666666665,5.1,1,51.24444444444445,https://resources.premierleague.com/premierleague/photos/players/110x140/p98747.png
377,Botman,15,3.4,12.6,3.6666666666666665,4.4,2,39.97777777777778,https://resources.premierleague.com/premierleague/photos/players/110x140/p220237.png
552,Anderson,15,1.0,6.8,3.6666666666666665,4.5,3,30.04444444444444,https://resources.premierleague.com/premierleague/photos/players/110x140/p215379.png
594,Isak,15,4.5,14.9,3.6666666666666665,7.0,4,44.411111111111104,https://resources.premierleague.com/premierleague/photos/players/110x140/p219168.png
295,N.Williams,16,2.0,41.8,3.3333333333333335,4.1,2,42.82222222222222,https://resources.premierleague.com/premierleague/photos/players/110x140/p215136.png
378,Arter,16,0.0,0.0,3.3333333333333335,4.4,3,22.222222222222225,https://resources.premierleague.com/premierleague/photos/players/110x140/p48615.png
379,Cook,16,1.2,7.9,3.3333333333333335,4.5,2,28.855555555555554,https://resources.premierleague.com/premierleague/photos/players/110x140/p56917.png
380,Taylor,16,0.0,0.0,3.3333333333333335,4.4,4,22.222222222222225,https://resources.premierleague.com/premierleague/photos/players/110x140/p57647.png
381,Colback,16,1.3,3.5,3.3333333333333335,4.4,3,27.722222222222225,https://resources.premierleague.com/premierleague/photos/players/110x140/p58771.png
382,Samba,16,0.0,0.0,3.3333333333333335,4.5,1,22.222222222222225,https://resources.premierleague.com/premierleague/photos/players/110x140/p102836.png
383,Cafú,16,1.0,0.3,3.3333333333333335,4.4,3,25.655555555555555,https://resources.premierleague.com/premierleague/photos/players/110x140/p166325.png
384,Lolley,16,0.0,0.0,3.3333333333333335,4.9,3,22.222222222222225,https://resources.premierleague.com/premierleague/photos/players/110x140/p168172.png
385,McKenna,16,1.2,15.9,3.3333333333333335,4.5,2,31.522222222222222,https://resources.premierleague.com/premierleague/photos/players/110x140/p168281.png
386,Dräger,16,0.0,0.0,3.3333333333333335,4.0,2,22.222222222222225,https://resources.premierleague.com/premierleague/photos/players/110x140/p173399.png
387,Yates,16,2.5,16.5,3.3333333333333335,5.0,3,36.05555555555556,https://resources.premierleague.com/premierleague/photos/players/110x140/p204968.png
388,Worrall,16,1.3,12.7,3.3333333333333335,4.4,2,30.78888888888889,https://resources.premierleague.com/premierleague/photos/players/110x140/p208912.png
389,Panzo,16,0.0,0.0,3.3333333333333335,4.0,2,22.222222222222225,https://resources.premierleague.com/premierleague/photos/players/110x140/p209035.png
390,Xande Silva,16,0.0,0.0,3.3333333333333335,5.0,3,22.222222222222225,https://resources.premierleague.com/premierleague/photos/players/110x140/p209925.png
391,Surridge,16,1.0,1.6,3.3333333333333335,4.8,4,26.08888888888889,https://resources.premierleague.com/premierleague/photos/players/110x140/p217331.png
392,Laryea,16,0.0,0.0,3.3333333333333335,4.5,2,22.222222222222225,https://resources.premierleague.com/premierleague/photos/players/110x140/p221403.png
393,Mbe Soh,16,0.0,0.0,3.3333333333333335,4.3,2,22.222222222222225,https://resources.premierleague.com/premierleague/photos/players/110x140/p242885.png
394,Johnson,16,3.5,23.3,3.3333333333333335,5.9,4,41.65555555555556,https://resources.premierleague.com/premierleague/photos/players/110x140/p242898.png
395,Mighten,16,1.0,0.0,3.3333333333333335,4.9,3,25.555555555555557,https://resources.premierleague.com/premierleague/photos/players/110x140/p244930.png
396,Ojeda,16,0.0,0.0,3.3333333333333335,4.5,3,22.222222222222225,https://resources.premierleague.com/premierleague/photos/players/110x140/p437476.png
397,Awoniyi,16,2.3,13.5,3.3333333333333335,5.8,4,34.38888888888889,https://resources.premierleague.com/premierleague/photos/players/110x140/p210156.png
398,Henderson,16,5.2,22.2,3.3333333333333335,4.7,1,46.955555555555556,https://resources.premierleague.com/premierleague/photos/players/110x140/p172649.png
399,Biancone,16,1.0,0.4,3.3333333333333335,4.4,2,25.688888888888894,https://resources.premierleague.com/premierleague/photos/players/110x140/p437753.png
474,Boly,16,0.0,0.0,3.3333333333333335,4.3,2,22.222222222222225,https://resources.premierleague.com/premierleague/photos/players/110x140/p90585.png
493,Gibbs-White,16,2.2,21.7,3.3333333333333335,5.5,3,36.78888888888889,https://resources.premierleague.com/premierleague/photos/players/110x140/p222531.png
507,Niakhaté,16,3.5,6.9,3.3333333333333335,4.4,2,36.18888888888889,https://resources.premierleague.com/premierleague/photos/players/110x140/p199170.png
511,Richards,16,0.0,0.0,3.3333333333333335,4.4,2,22.222222222222225,https://resources.premierleague.com/premierleague/photos/players/110x140/p204822.png
518,Hennessey,16,0.0,0.0,3.3333333333333335,4.0,1,22.222222222222225,https://resources.premierleague.com/premierleague/photos/players/110x140/p20066.png
523,Toffolo,16,2.4,13.0,3.3333333333333335,4.5,2,34.55555555555556,https://resources.premierleague.com/premierleague/photos/players/110x140/p114241.png
524,O'Brien,16,1.8,12.5,3.3333333333333335,5.0,3,32.38888888888889,https://resources.premierleague.com/premierleague/photos/players/110x140/p243345.png
527,Lingard,16,3.0,20.1,3.3333333333333335,5.8,3,38.922222222222224,https://resources.premierleague.com/premierleague/photos/players/110x140/p109322.png
536,Mangala,16,1.7,4.8,3.3333333333333335,4.9,3,29.48888888888889,https://resources.premierleague.com/premierleague/photos/players/110x140/p179519.png
553,Hammond,16,0.0,0.0,3.3333333333333335,4.4,3,22.222222222222225,https://resources.premierleague.com/premierleague/photos/players/110x140/p475492.png
582,Freuler,16,1.5,2.1,3.3333333333333335,5.0,3,27.922222222222228,https://resources.premierleague.com/premierleague/photos/players/110x140/p89076.png
583,Kouyaté,16,3.0,7.0,3.3333333333333335,4.5,3,34.55555555555556,https://resources.premierleague.com/premierleague/photos/players/110x140/p55037.png
585,Dennis,16,0.7,5.9,3.3333333333333335,5.9,4,26.522222222222226,https://resources.premierleague.com/premierleague/photos/players/110x140/p230251.png
602,Renan Lodi,16,0.0,5.2,3.3333333333333335,4.5,2,23.95555555555556,https://resources.premierleague.com/premierleague/photos/players/110x140/p233420.png
621,Badé,16,0.0,0.0,3.3333333333333335,4.5,2,22.222222222222225,https://resources.premierleague.com/premierleague/photos/players/110x140/p500267.png
21,Maitland-Niles,17,1.0,0.5,4.0,4.8,3,30.166666666666668,https://resources.premierleague.com/premierleague/photos/players/110x140/p154043.png
321,Lavia,17,2.6,14.8,4.0,4.5,3,40.266666666666666,https://resources.premierleague.com/premierleague/photos/players/110x140/p514356.png
400,Walcott,17,0.0,0.0,4.0,4.9,3,26.666666666666668,https://resources.premierleague.com/premierleague/photos/players/110x140/p20467.png
401,McCarthy,17,0.0,0.0,4.0,4.4,1,26.666666666666668,https://resources.premierleague.com/premierleague/photos/players/110x140/p58376.png
402,Romeu,17,2.0,1.2,4.0,4.8,3,33.733333333333334,https://resources.premierleague.com/premierleague/photos/players/110x140/p78056.png
403,Redmond,17,1.0,0.0,4.0,5.3,3,30.0,https://resources.premierleague.com/premierleague/photos/players/110x140/p83283.png
405,S.Armstrong,17,1.2,11.9,4.0,4.9,3,34.63333333333333,https://resources.premierleague.com/premierleague/photos/players/110x140/p91047.png
406,Elyounoussi,17,1.6,15.5,4.0,5.3,3,37.166666666666664,https://resources.premierleague.com/premierleague/photos/players/110x140/p96787.png
407,Ward-Prowse,17,3.8,41.4,4.0,6.5,3,53.13333333333333,https://resources.premierleague.com/premierleague/photos/players/110x140/p101178.png
408,A.Armstrong,17,3.3,18.5,4.0,5.5,4,43.833333333333336,https://resources.premierleague.com/premierleague/photos/players/110x140/p155511.png
409,Walker-Peters,17,2.5,26.0,4.0,4.5,2,43.666666666666664,https://resources.premierleague.com/premierleague/photos/players/110x140/p158534.png
411,Adams,17,4.0,32.7,4.0,6.4,4,50.9,https://resources.premierleague.com/premierleague/photos/players/110x140/p200439.png
412,Tella,17,0.0,0.0,4.0,5.0,3,26.666666666666668,https://resources.premierleague.com/premierleague/photos/players/110x140/p203389.png
413,Lyanco,17,1.0,1.1,4.0,4.4,2,30.366666666666664,https://resources.premierleague.com/premierleague/photos/players/110x140/p212721.png
414,Valery,17,0.0,0.5,4.0,4.0,2,26.833333333333332,https://resources.premierleague.com/premierleague/photos/players/110x140/p213482.png
415,Smallbone,17,0.0,0.0,4.0,4.5,3,26.666666666666668,https://resources.premierleague.com/premierleague/photos/players/110x140/p214466.png
416,Diallo,17,1.0,3.5,4.0,4.4,3,31.166666666666668,https://resources.premierleague.com/premierleague/photos/players/110x140/p240143.png
417,Perraud,17,2.8,11.7,4.0,4.5,2,39.9,https://resources.premierleague.com/premierleague/photos/players/110x140/p244560.png
418,Djenepo,17,2.2,16.5,4.0,5.0,3,39.5,https://resources.premierleague.com/premierleague/photos/players/110x140/p431131.png
419,Livramento,17,0.0,0.0,4.0,4.4,2,26.666666666666668,https://resources.premierleague.com/premierleague/photos/players/110x140/p441191.png
420,Salisu,17,0.8,16.0,4.0,4.4,2,34.666666666666664,https://resources.premierleague.com/premierleague/photos/players/110x140/p450527.png
421,Lis,17,0.0,0.0,4.0,4.0,1,26.666666666666668,https://resources.premierleague.com/premierleague/photos/players/110x140/p200428.png
422,Bazunu,17,2.2,14.3,4.0,4.5,1,38.766666666666666,https://resources.premierleague.com/premierleague/photos/players/110x140/p456350.png
423,Bella-Kotchap,17,2.2,14.2,4.0,4.5,2,38.733333333333334,https://resources.premierleague.com/premierleague/photos/players/110x140/p477386.png
424,Caballero,17,0.0,0.0,4.0,4.0,1,26.666666666666668,https://resources.premierleague.com/premierleague/photos/players/110x140/p20310.png
512,Aribo,17,2.5,29.6,4.0,5.5,3,44.86666666666667,https://resources.premierleague.com/premierleague/photos/players/110x140/p193204.png
528,Mara,17,1.8,10.7,4.0,5.5,4,36.233333333333334,https://resources.premierleague.com/premierleague/photos/players/110x140/p476888.png
622,Larios,17,0.0,0.0,4.0,4.0,2,26.666666666666668,https://resources.premierleague.com/premierleague/photos/players/110x140/p515571.png
623,Caleta-Car,17,0.0,0.0,4.0,4.5,2,26.666666666666668,https://resources.premierleague.com/premierleague/photos/players/110x140/p173271.png
624,Edozie,17,1.0,2.4,4.0,5.0,3,30.8,https://resources.premierleague.com/premierleague/photos/players/110x140/p490503.png
425,Lloris,18,4.2,8.1,2.0,5.5,1,30.03333333333333,https://resources.premierleague.com/premierleague/photos/players/110x140/p37915.png
426,Forster,18,0.0,0.0,2.0,4.0,1,13.333333333333334,https://resources.premierleague.com/premierleague/photos/players/110x140/p40383.png
427,Kane,18,6.7,77.0,2.0,11.4,4,61.333333333333336,https://resources.premierleague.com/premierleague/photos/players/110x140/p78830.png
428,Son,18,2.8,47.7,2.0,11.7,3,38.56666666666667,https://resources.premierleague.com/premierleague/photos/players/110x140/p85971.png
429,Doherty,18,1.0,0.5,2.0,4.6,2,16.833333333333332,https://resources.premierleague.com/premierleague/photos/players/110x140/p87835.png
430,Dier,18,4.3,18.2,2.0,5.0,2,33.733333333333334,https://resources.premierleague.com/premierleague/photos/players/110x140/p93264.png
431,Lucas Moura,18,1.0,0.4,2.0,5.8,3,16.8,https://resources.premierleague.com/premierleague/photos/players/110x140/p95715.png
432,Davies,18,3.8,20.5,2.0,5.0,2,32.833333333333336,https://resources.premierleague.com/premierleague/photos/players/110x140/p115556.png
433,Højbjerg,18,4.7,34.4,2.0,5.5,3,40.46666666666667,https://resources.premierleague.com/premierleague/photos/players/110x140/p132015.png
434,Winks,18,0.0,0.0,2.0,4.4,3,13.333333333333334,https://resources.premierleague.com/premierleague/photos/players/110x140/p157668.png
435,Sánchez,18,4.7,9.0,2.0,4.4,2,32.0,https://resources.premierleague.com/premierleague/photos/players/110x140/p173904.png
436,R.Sessegnon,18,3.0,23.4,2.0,4.5,2,31.133333333333336,https://resources.premierleague.com/premierleague/photos/players/110x140/p184349.png
437,Bergwijn,18,0.0,0.0,2.0,5.5,3,13.333333333333334,https://resources.premierleague.com/premierleague/photos/players/110x140/p194252.png
438,Reguilón,18,0.0,0.0,2.0,4.2,2,13.333333333333334,https://resources.premierleague.com/premierleague/photos/players/110x140/p199249.png
439,Tanganga,18,0.0,0.0,2.0,3.9,2,13.333333333333334,https://resources.premierleague.com/premierleague/photos/players/110x140/p199584.png
440,Bentancur,18,2.0,12.6,2.0,5.4,3,24.2,https://resources.premierleague.com/premierleague/photos/players/110x140/p202993.png
441,Skipp,18,0.0,0.0,2.0,4.4,3,13.333333333333334,https://resources.premierleague.com/premierleague/photos/players/110x140/p209042.png
442,Rodon,18,0.0,0.0,2.0,4.0,2,13.333333333333334,https://resources.premierleague.com/premierleague/photos/players/110x140/p214225.png
443,Romero,18,1.3,12.1,2.0,4.9,2,21.7,https://resources.premierleague.com/premierleague/photos/players/110x140/p221632.png
444,Bissouma,18,0.8,6.0,2.0,4.8,3,18.0,https://resources.premierleague.com/premierleague/photos/players/110x140/p227127.png
445,Emerson Royal,18,4.3,22.8,2.0,5.1,2,35.266666666666666,https://resources.premierleague.com/premierleague/photos/players/110x140/p241157.png
446,Kulusevski,18,4.5,39.7,2.0,8.1,3,41.56666666666667,https://resources.premierleague.com/premierleague/photos/players/110x140/p445044.png
447,Scarlett,18,0.0,0.0,2.0,4.5,4,13.333333333333334,https://resources.premierleague.com/premierleague/photos/players/110x140/p490145.png
448,Perišić,18,4.2,24.3,2.0,5.6,2,35.43333333333333,https://resources.premierleague.com/premierleague/photos/players/110x140/p45034.png
449,White,18,0.0,0.0,2.0,4.4,3,13.333333333333334,https://resources.premierleague.com/premierleague/photos/players/110x140/p448791.png
450,Sarr,18,0.0,0.0,2.0,4.4,3,13.333333333333334,https://resources.premierleague.com/premierleague/photos/players/110x140/p482442.png
451,Austin,18,0.0,0.0,2.0,4.0,1,13.333333333333334,https://resources.premierleague.com/premierleague/photos/players/110x140/p214572.png
452,Devine,18,0.0,0.0,2.0,4.4,3,13.333333333333334,https://resources.premierleague.com/premierleague/photos/players/110x140/p496179.png
453,Parrott,18,0.0,0.0,2.0,4.5,4,13.333333333333334,https://resources.premierleague.com/premierleague/photos/players/110x140/p447235.png
454,Richarlison,18,2.2,23.0,2.0,8.5,4,28.333333333333332,https://resources.premierleague.com/premierleague/photos/players/110x140/p212319.png
513,Lenglet,18,1.5,2.9,2.0,4.8,2,19.3,https://resources.premierleague.com/premierleague/photos/players/110x140/p171101.png
522,Spence,18,1.0,1.8,2.0,4.2,2,17.266666666666666,https://resources.premierleague.com/premierleague/photos/players/110x140/p232859.png
554,Bryan,18,0.0,0.0,2.0,5.0,3,13.333333333333334,https://resources.premierleague.com/premierleague/photos/players/110x140/p436234.png
455,Fabianski,19,3.0,9.3,3.6666666666666665,5.0,1,37.544444444444444,https://resources.premierleague.com/premierleague/photos/players/110x140/p37096.png
456,Ogbonna,19,1.0,1.7,3.6666666666666665,4.5,2,28.344444444444445,https://resources.premierleague.com/premierleague/photos/players/110x140/p40669.png
457,Cresswell,19,2.2,24.6,3.6666666666666665,4.9,2,39.97777777777778,https://resources.premierleague.com/premierleague/photos/players/110x140/p55459.png
458,Antonio,19,2.7,19.8,3.6666666666666665,7.2,4,40.044444444444444,https://resources.premierleague.com/premierleague/photos/players/110x140/p57531.png
459,Dawson,19,0.0,0.0,3.6666666666666665,4.8,2,24.444444444444443,https://resources.premierleague.com/premierleague/photos/players/110x140/p60232.png
460,Lanzini,19,1.0,2.1,3.6666666666666665,5.3,3,28.477777777777774,https://resources.premierleague.com/premierleague/photos/players/110x140/p86934.png
461,Zouma,19,2.7,14.9,3.6666666666666665,4.5,2,38.411111111111104,https://resources.premierleague.com/premierleague/photos/players/110x140/p103192.png
462,Masuaku,19,0.0,0.0,3.6666666666666665,4.5,2,24.444444444444443,https://resources.premierleague.com/premierleague/photos/players/110x140/p105717.png
463,Coufal,19,2.2,13.8,3.6666666666666665,4.4,2,36.37777777777777,https://resources.premierleague.com/premierleague/photos/players/110x140/p164555.png
464,Benrahma,19,1.5,24.5,3.6666666666666665,5.7,3,37.61111111111111,https://resources.premierleague.com/premierleague/photos/players/110x140/p172841.png
465,Bowen,19,2.2,23.5,3.6666666666666665,8.1,3,39.61111111111111,https://resources.premierleague.com/premierleague/photos/players/110x140/p178186.png
466,Vlasic,19,0.0,0.0,3.6666666666666665,5.0,3,24.444444444444443,https://resources.premierleague.com/premierleague/photos/players/110x140/p180151.png
467,Rice,19,3.0,25.9,3.6666666666666665,4.9,3,43.077777777777776,https://resources.premierleague.com/premierleague/photos/players/110x140/p204480.png
468,Soucek,19,3.5,29.7,3.6666666666666665,5.4,3,46.01111111111111,https://resources.premierleague.com/premierleague/photos/players/110x140/p215439.png
469,Fornals,19,3.5,19.9,3.6666666666666665,5.4,3,42.74444444444444,https://resources.premierleague.com/premierleague/photos/players/110x140/p217593.png
471,Johnson,19,1.2,6.2,3.6666666666666665,4.4,2,30.51111111111111,https://resources.premierleague.com/premierleague/photos/players/110x140/p222018.png
472,Aguerd,19,0.0,0.0,3.6666666666666665,4.9,2,24.444444444444443,https://resources.premierleague.com/premierleague/photos/players/110x140/p210494.png
473,Areola,19,1.0,0.0,3.6666666666666665,4.4,1,27.777777777777775,https://resources.premierleague.com/premierleague/photos/players/110x140/p84182.png
509,Downes,19,1.0,0.0,3.6666666666666665,4.4,3,27.777777777777775,https://resources.premierleague.com/premierleague/photos/players/110x140/p220585.png
529,Scamacca,19,1.2,6.3,3.6666666666666665,6.8,4,30.54444444444444,https://resources.premierleague.com/premierleague/photos/players/110x140/p195899.png
545,Emerson,19,0.7,1.0,3.6666666666666665,4.0,2,27.11111111111111,https://resources.premierleague.com/premierleague/photos/players/110x140/p109533.png
555,Ashby,19,0.0,0.0,3.6666666666666665,4.0,2,24.444444444444443,https://resources.premierleague.com/premierleague/photos/players/110x140/p441024.png
556,Coventry,19,1.0,0.0,3.6666666666666665,4.4,3,27.777777777777775,https://resources.premierleague.com/premierleague/photos/players/110x140/p222017.png
571,Randolph,19,0.0,0.0,3.6666666666666665,4.0,1,24.444444444444443,https://resources.premierleague.com/premierleague/photos/players/110x140/p32259.png
572,Oko-Flex,19,0.0,0.0,3.6666666666666665,4.4,3,24.444444444444443,https://resources.premierleague.com/premierleague/photos/players/110x140/p248865.png
575,Cornet,19,1.0,0.7,3.6666666666666665,5.9,3,28.01111111111111,https://resources.premierleague.com/premierleague/photos/players/110x140/p149519.png
588,Kehrer,19,1.5,4.1,3.6666666666666665,4.5,2,30.811111111111114,https://resources.premierleague.com/premierleague/photos/players/110x140/p201057.png
603,Paquetá,19,1.0,6.6,3.6666666666666665,6.0,3,29.977777777777778,https://resources.premierleague.com/premierleague/photos/players/110x140/p224024.png
476,Jiménez,20,1.7,14.2,1.6666666666666667,6.9,4,21.51111111111111,https://resources.premierleague.com/premierleague/photos/players/110x140/p102057.png
477,Jonny,20,3.7,16.7,1.6666666666666667,4.4,2,29.01111111111111,https://resources.premierleague.com/premierleague/photos/players/110x140/p114128.png
478,Sá,20,5.8,15.7,1.6666666666666667,5.0,1,35.67777777777778,https://resources.premierleague.com/premierleague/photos/players/110x140/p149065.png
480,Neves,20,3.7,32.2,1.6666666666666667,5.5,3,34.17777777777778,https://resources.premierleague.com/premierleague/photos/players/110x140/p171317.png
481,Hwang,20,1.8,12.4,1.6666666666666667,5.7,3,21.244444444444444,https://resources.premierleague.com/premierleague/photos/players/110x140/p184754.png
482,Semedo,20,1.0,11.1,1.6666666666666667,5.0,2,18.144444444444446,https://resources.premierleague.com/premierleague/photos/players/110x140/p200402.png
483,Podence,20,4.3,33.2,1.6666666666666667,5.5,3,36.51111111111111,https://resources.premierleague.com/premierleague/photos/players/110x140/p200600.png
484,Kilman,20,4.5,15.2,1.6666666666666667,4.5,2,31.177777777777777,https://resources.premierleague.com/premierleague/photos/players/110x140/p214048.png
485,Cundle,20,0.0,0.0,1.6666666666666667,4.4,3,11.111111111111112,https://resources.premierleague.com/premierleague/photos/players/110x140/p245923.png
486,Neto,20,2.5,38.7,1.6666666666666667,5.2,3,32.34444444444444,https://resources.premierleague.com/premierleague/photos/players/110x140/p247632.png
487,Aït-Nouri,20,2.6,19.4,1.6666666666666667,4.4,2,26.244444444444444,https://resources.premierleague.com/premierleague/photos/players/110x140/p448514.png
488,Fabio Silva,20,0.0,0.0,1.6666666666666667,5.5,4,11.111111111111112,https://resources.premierleague.com/premierleague/photos/players/110x140/p449988.png
489,Toti,20,0.0,0.0,1.6666666666666667,4.0,2,11.111111111111112,https://resources.premierleague.com/premierleague/photos/players/110x140/p510362.png
490,Chiquinho,20,0.0,0.0,1.6666666666666667,5.0,3,11.111111111111112,https://resources.premierleague.com/premierleague/photos/players/110x140/p510363.png
491,Adama,20,1.0,1.6,1.6666666666666667,5.5,3,14.97777777777778,https://resources.premierleague.com/premierleague/photos/players/110x140/p159533.png
492,Šarkić,20,0.0,0.0,1.6666666666666667,4.0,1,11.111111111111112,https://resources.premierleague.com/premierleague/photos/players/110x140/p216208.png
494,Mosquera,20,0.0,0.0,1.6666666666666667,3.9,2,11.111111111111112,https://resources.premierleague.com/premierleague/photos/players/110x140/p501837.png
503,Moutinho,20,2.0,21.2,1.6666666666666667,4.9,3,24.844444444444445,https://resources.premierleague.com/premierleague/photos/players/110x140/p19624.png
516,Collins,20,4.7,14.7,1.6666666666666667,4.5,2,31.677777777777777,https://resources.premierleague.com/premierleague/photos/players/110x140/p432830.png
557,Smith,20,0.0,0.0,1.6666666666666667,4.0,1,11.111111111111112,https://resources.premierleague.com/premierleague/photos/players/110x140/p246799.png
558,Bueno,20,0.0,0.0,1.6666666666666667,4.0,2,11.111111111111112,https://resources.premierleague.com/premierleague/photos/players/110x140/p490721.png
566,Hodge,20,0.0,0.0,1.6666666666666667,4.4,3,11.111111111111112,https://resources.premierleague.com/premierleague/photos/players/110x140/p240299.png
567,Ronan,20,0.0,0.0,1.6666666666666667,4.4,3,11.111111111111112,https://resources.premierleague.com/premierleague/photos/players/110x140/p198842.png
568,Campbell,20,1.0,0.0,1.6666666666666667,4.4,3,14.444444444444445,https://resources.premierleague.com/premierleague/photos/players/110x140/p461026.png
579,Guedes,20,2.6,17.5,1.6666666666666667,6.0,3,25.611111111111114,https://resources.premierleague.com/premierleague/photos/players/110x140/p181284.png
589,Matheus,20,4.0,17.5,1.6666666666666667,5.0,3,30.277777777777782,https://resources.premierleague.com/premierleague/photos/players/110x140/p465351.png
608,Kalajdžić,20,1.0,0.7,1.6666666666666667,5.5,4,14.677777777777777,https://resources.premierleague.com/premierleague/photos/players/110x140/p429414.png
